0,1, 우도,섬,/Attraction_Review-g297885-d1776326-Reviews-Udo-Jeju_Jeju_Island.html,https://dynamic-media-cdn.tripadvisor.com/media/photo-o/09/69/1d/6c/caption.jpg?w=500&h=-1&s=1
1,2, 성산 일출봉,산 • 지층,/Attraction_Review-g297892-d1582693-Reviews-Seongsan_Ilchulbong-Seogwipo_Jeju_Island.html,https://dynamic-media-cdn.tripadvisor.com/media/photo-o/0d/79/46/9e/caption.jpg?w=500&h=400&s=1
2,3, 생각하는 정원,전문 박물관 • 공원,/Attraction_Review-g297885-d2204891-Reviews-Spirited_Garden-Jeju_Jeju_Island.html,https://dynamic-media-cdn.tripadvisor.com/media/photo-o/16/30/d7/b1/1-1-qsc.jpg?w=500&h=400&s=1
3,4, 제주 올레길 ,하이킹 트레일,/Attraction_Review-g983296-d3231669-Reviews-Jeju_Olle_Trail_Routes-Jeju_Island.html,https://dynamic-media-cdn.tripadvisor.com/media/photo-o/04/04/22/cb/jeju-olle-trail-routes.jpg?w=500&h=400&s=1
4,5, 함덕 서우봉 해변,해변,/Attraction_Review-g297885-d550694-Reviews-Hamdeok_Beach-Jeju_Jeju_Island.html,https://dynamic-media-cdn.tripadvisor.com/media/photo-o/0c/bf/d2/56/photo1jpg.jpg?w=500&h=-1&s=1
5,6, 만장굴,동굴,/Attraction_Review-g297885-d1643536-Reviews-Manjanggul_Cave-Jeju_Jeju_Island.html,https://dynamic-media-cdn.tripadvisor.com/media/photo-o/08/45/e2/01/manjanggul-cave.jpg?w=500&h=400&s=1
6,7, 협재 해수욕장,해변,/Attraction_Review-g297885-d4504781-Reviews-Hyeopjae_Beach-Jeju_Jeju_Island.html,https://dynamic-media-cdn.tripadvisor.com/media/photo-o/0b/7e/59/90/photo1jpg.jpg?w=500&h=-1&s=1
7,8, 한라산 국립공원,산 • 국립공원,/Attraction_Review-g297892-d550726-Reviews-Hallasan_National_Park-Seogwipo_Jeju_Island.html,https://dynamic-media-cdn.tripadvisor.com/media/photo-o/17/bb/23/97/photo3jpg.jpg?w=500&h=-1&s=1
8,9, 동문 재래시장,벼룩시장 & 재래시장,/Attraction_Review-g297885-d2238839-Reviews-Dongmun_Market-Jeju_Jeju_Island.html,https://dynamic-media-cdn.tripadvisor.com/media/photo-o/15/d3/c2/93/popular-market.jpg?w=500&h=400&s=1
9,10, 한림공원,공원 • 가든,/Attraction_Review-g297885-d2204895-Reviews-Hallim_Park-Jeju_Jeju_Island.html,https://dynamic-media-cdn.tripadvisor.com/media/photo-o/0c/56/06/63/caption.jpg?w=500&h=400&s=1
10,11, 비자림,공원 • 산림,/Attraction_Review-g297885-d2202426-Reviews-Bijarim_Forest-Jeju_Jeju_Island.html,https://dynamic-media-cdn.tripadvisor.com/media/photo-o/07/0e/e6/dd/bijarim-forest.jpg?w=500&h=400&s=1
11,12, 영실,하이킹 트레일,/Attraction_Review-g983296-d15327362-Reviews-Yeongsil_Trail-Jeju_Island.html,https://dynamic-media-cdn.tripadvisor.com/media/photo-o/15/d1/13/63/this-is-a-pleasant-trail.jpg?w=500&h=400&s=1
12,13, 한라산 성판악,하이킹 트레일,/Attraction_Review-g297885-d3808281-Reviews-Hallasan_Seongpanak-Jeju_Jeju_Island.html,https://dynamic-media-cdn.tripadvisor.com/media/photo-o/10/34/bb/40/photo2jpg.jpg?w=500&h=-1&s=1
13,14, 제주 돌문화 공원,공원 • 교육적인 장소,/Attraction_Review-g297885-d2204929-Reviews-Jeju_Stone_Park-Jeju_Jeju_Island.html,https://dynamic-media-cdn.tripadvisor.com/media/photo-o/08/45/e7/ce/jeju-stone-park.jpg?w=500&h=400&s=1
14,15, 해녀 박물관,전문 박물관,/Attraction_Review-g297885-d2202431-Reviews-Haenyeo_Museum-Jeju_Jeju_Island.html,https://dynamic-media-cdn.tripadvisor.com/media/photo-o/0e/99/02/1c/un-musee-a-l-architecture.jpg?w=500&h=-1&s=1
15,16, 에코랜드 테마파크,놀이공원 & 테마파크,/Attraction_Review-g297885-d2337348-Reviews-Eco_Land_Theme_Park-Jeju_Jeju_Island.html,https://dynamic-media-cdn.tripadvisor.com/media/photo-o/16/55/da/9e/20190117-141418-hdr-01.jpg?w=500&h=-1&s=1
16,17, 산굼부리 분화구,자연 & 야생동물 서식지,/Attraction_Review-g297885-d1878205-Reviews-Sangumburi_Crater-Jeju_Jeju_Island.html,https://dynamic-media-cdn.tripadvisor.com/media/photo-o/16/e6/3d/9b/photo2jpg.jpg?w=500&h=-1&s=1
17,18, Andeok Valley,즐길거리 & 랜드마크 • 경관이 좋은 산책로,/Attraction_Review-g983296-d11777449-Reviews-Andeok_Valley-Jeju_Island.html,https://dynamic-media-cdn.tripadvisor.com/media/photo-o/13/3e/85/3f/andeok-valley.jpg?w=500&h=-1&s=1
18,19, 수월봉,즐길거리 & 랜드마크 • 전망대,/Attraction_Review-g983296-d12213803-Reviews-Suwolbong_Peak-Jeju_Island.html,https://dynamic-media-cdn.tripadvisor.com/media/photo-o/11/15/7f/bb/caption.jpg?w=500&h=-1&s=1
19,20, 제주김녕미로공원,즐길거리 & 랜드마크 • 가든,/Attraction_Review-g297885-d2204930-Reviews-Jeju_Kimnyoung_Maze_Park-Jeju_Jeju_Island.html,https://dynamic-media-cdn.tripadvisor.com/media/photo-o/05/59/c5/6c/caption.jpg?w=500&h=400&s=1
20,21, 월정리해변,해변,/Attraction_Review-g297885-d10126654-Reviews-Woljeongri_Beach-Jeju_Jeju_Island.html,https://dynamic-media-cdn.tripadvisor.com/media/photo-o/0f/f9/80/dc/photo5jpg.jpg?w=500&h=-1&s=1
21,22, 신비의도로,즐길거리 & 랜드마크,/Attraction_Review-g297885-d1747359-Reviews-Mysterious_Road_Dokkaebi_Road-Jeju_Jeju_Island.html,https://dynamic-media-cdn.tripadvisor.com/media/photo-o/0c/08/27/66/road.jpg?w=500&h=-1&s=1
22,23, 제주 절물 자연 휴양림,공원 • 산림,/Attraction_Review-g297885-d2202425-Reviews-Jeolmul_Natural_Forest_Resort-Jeju_Jeju_Island.html,https://dynamic-media-cdn.tripadvisor.com/media/photo-o/09/d2/28/ea/jeolmul-natural-forest.jpg?w=500&h=400&s=1
23,24, 용두암,즐길거리 & 랜드마크 • 지층,/Attraction_Review-g297885-d550713-Reviews-Yongduam_Rock-Jeju_Jeju_Island.html,https://dynamic-media-cdn.tripadvisor.com/media/photo-o/05/6b/c5/e5/dragon-head-rock-yongdu.jpg?w=500&h=400&s=1
24,25, 성읍 민속마을,역사적인 장소 • 전쟁터 유적지,/Attraction_Review-g297885-d550707-Reviews-Seongeup_Folk_Village-Jeju_Jeju_Island.html,https://dynamic-media-cdn.tripadvisor.com/media/photo-o/0d/43/35/2d/tree.jpg?w=500&h=-1&s=1
25,26, 헬로 키티 아일랜드,전문 박물관,/Attraction_Review-g297885-d6160806-Reviews-Hello_Kitty_Island-Jeju_Jeju_Island.html,https://dynamic-media-cdn.tripadvisor.com/media/photo-o/17/0f/ee/6e/photo0jpg.jpg?w=500&h=400&s=1
26,27, 쌍용굴,동굴,/Attraction_Review-g983296-d11721781-Reviews-Ssangyong_Cave-Jeju_Island.html,https://dynamic-media-cdn.tripadvisor.com/media/photo-o/0d/9a/2c/20/caption.jpg?w=500&h=400&s=1
27,28, 흑돼지 거리,인근 지역,/Attraction_Review-g297885-d8029124-Reviews-Black_Pork_Street-Jeju_Jeju_Island.html,https://dynamic-media-cdn.tripadvisor.com/media/photo-o/15/d3/c3/92/ok-to-try-once.jpg?w=500&h=400&s=1
28,29, 메이즈랜드,전문 박물관 • 가든,/Attraction_Review-g297885-d8610866-Reviews-Maze_Land-Jeju_Jeju_Island.html,https://dynamic-media-cdn.tripadvisor.com/media/photo-o/08/e9/5a/88/caption.jpg?w=500&h=400&s=1
29,30, 정방 폭포,폭포,/Attraction_Review-g297892-d550716-Reviews-Jeongbang_Waterfall-Seogwipo_Jeju_Island.html,https://dynamic-media-cdn.tripadvisor.com/media/photo-o/0e/1c/c8/2e/photo1jpg.jpg?w=500&h=-1&s=1
30,31, 제주 4,공원,/Attraction_Review-g297885-d7287893-Reviews-Jeju_April_3rd_Peace_Park-Jeju_Jeju_Island.html,https://dynamic-media-cdn.tripadvisor.com/media/photo-o/10/c3/01/a3/20170924-151033-199-largejpg.jpg?w=500&h=400&s=1
31,32, 새별오름,산,/Attraction_Review-g297885-d10464444-Reviews-Saebyeol_Oreum-Jeju_Jeju_Island.html,https://dynamic-media-cdn.tripadvisor.com/media/photo-o/0d/99/e6/be/photo0jpg.jpg?w=500&h=-1&s=1
32,33, 제주 유리의 성,놀이공원 & 테마파크,/Attraction_Review-g297885-d2708029-Reviews-Jeju_Glass_Castle-Jeju_Jeju_Island.html,https://dynamic-media-cdn.tripadvisor.com/media/photo-o/0d/9e/3b/71/jeju-glass-castle.jpg?w=500&h=400&s=1
33,34, 제주난타,시어터,/Attraction_Review-g297885-d2483948-Reviews-Jeju_NANTA_Theatre-Jeju_Jeju_Island.html,https://dynamic-media-cdn.tripadvisor.com/media/photo-o/0d/ac/ba/31/img20161108193531-largejpg.jpg?w=500&h=-1&s=1
34,35, 대포해안주상절리대,지층 • 경관이 좋은 산책로,/Attraction_Review-g297892-d1888847-Reviews-Daepo_Haean_Jusangjeolli_Cliff-Seogwipo_Jeju_Island.html,https://dynamic-media-cdn.tripadvisor.com/media/photo-o/12/72/89/8a/20180323-125613-largejpg.jpg?w=500&h=400&s=1
35,36, 세화 해수욕장,해변,/Attraction_Review-g297885-d6352845-Reviews-Sehwa_Beach-Jeju_Jeju_Island.html,https://dynamic-media-cdn.tripadvisor.com/media/photo-o/0c/b7/ab/67/photo0jpg.jpg?w=500&h=-1&s=1
36,37, 이호테우해변,해변,/Attraction_Review-g297885-d10586744-Reviews-Iho_Tewoo_Beach-Jeju_Jeju_Island.html,https://dynamic-media-cdn.tripadvisor.com/media/photo-o/0f/02/bb/d7/dsc-2401-largejpg.jpg?w=500&h=400&s=1
37,38, 금능해수욕장,해변,/Attraction_Review-g297885-d8667339-Reviews-Geumneung_Eutteumwon_Beach-Jeju_Jeju_Island.html,https://dynamic-media-cdn.tripadvisor.com/media/photo-o/0d/ae/f9/65/caption.jpg?w=500&h=400&s=1
38,39, 사려니숲길,하이킹 트레일,/Attraction_Review-g297885-d13141957-Reviews-Saryeoni_Forest_Path-Jeju_Jeju_Island.html,https://dynamic-media-cdn.tripadvisor.com/media/photo-o/14/07/2f/11/caption.jpg?w=500&h=400&s=1
39,40, 제주 중앙지하상가,쇼핑몰,/Attraction_Review-g297885-d8070449-Reviews-Jeju_Jungang_Underground_Shopping_Center-Jeju_Jeju_Island.html,https://dynamic-media-cdn.tripadvisor.com/media/photo-o/15/d3/c0/1a/jungang-underground-shopping.jpg?w=500&h=400&s=1
40,41, 천제연 폭포,폭포,/Attraction_Review-g297892-d550714-Reviews-Cheonjiyeon_Falls-Seogwipo_Jeju_Island.html,https://dynamic-media-cdn.tripadvisor.com/media/photo-o/08/2c/7a/60/cheonjiyeon-falls.jpg?w=500&h=400&s=1
41,42, 한라 수목원,공원,/Attraction_Review-g297885-d2294035-Reviews-Halla_Arboretum-Jeju_Jeju_Island.html,https://dynamic-media-cdn.tripadvisor.com/media/photo-o/0b/39/62/6e/halla-arboretum.jpg?w=500&h=-1&s=1
42,43, 김녕 성세기 해변,해변,/Attraction_Review-g297885-d9583049-Reviews-Gimnyeong_Seonsegi_Beach-Jeju_Jeju_Island.html,https://dynamic-media-cdn.tripadvisor.com/media/photo-o/17/79/ab/db/caption.jpg?w=500&h=-1&s=1
43,44, 테디베어 박물관 제주,전문 박물관,/Attraction_Review-g297892-d2202463-Reviews-Teddy_Bear_Museum_Jeju-Seogwipo_Jeju_Island.html,https://dynamic-media-cdn.tripadvisor.com/media/photo-o/09/6e/f8/f1/20151024-161346-largejpg.jpg?w=500&h=400&s=1
44,45, 우도등대공원,전망대 • 공원,/Attraction_Review-g297885-d4094868-Reviews-Udo_Island_Lighthouse_Park-Jeju_Jeju_Island.html,https://dynamic-media-cdn.tripadvisor.com/media/photo-o/11/35/cf/1f/20170216-072615-largejpg.jpg?w=500&h=400&s=1
45,46, 용머리 해안,해변,/Attraction_Review-g297892-d2487434-Reviews-Yongmeori_Beach-Seogwipo_Jeju_Island.html,https://dynamic-media-cdn.tripadvisor.com/media/photo-o/0f/02/5e/de/dsc-2322-largejpg.jpg?w=500&h=400&s=1
46,47, 플레이케이팝,전문 박물관 • 놀이공원 & 테마파크,/Attraction_Review-g297892-d8285782-Reviews-PLAY_KPOP-Seogwipo_Jeju_Island.html,https://dynamic-media-cdn.tripadvisor.com/media/photo-o/0d/03/d5/e7/caption.jpg?w=500&h=400&s=1
47,48, 제주 민속자연사 박물관,역사박물관,/Attraction_Review-g297885-d1655315-Reviews-Jeju_Folklore_Natural_Museum-Jeju_Jeju_Island.html,https://dynamic-media-cdn.tripadvisor.com/media/photo-o/08/45/eb/bf/jeju-folklore-natural.jpg?w=500&h=400&s=1
48,49, 곽지해수욕장,해변,/Attraction_Review-g297885-d9755433-Reviews-Gwakji_Gwamul_Beach-Jeju_Jeju_Island.html,https://dynamic-media-cdn.tripadvisor.com/media/photo-o/0c/90/f1/9f/20160809-111344-largejpg.jpg?w=500&h=-1&s=1
49,50, 제주시 민속 오일시장,벼룩시장 & 재래시장,/Attraction_Review-g297885-d8070448-Reviews-Jeju_City_Traditional_Five_Day_Market-Jeju_Jeju_Island.html,https://dynamic-media-cdn.tripadvisor.com/media/photo-o/0a/d6/17/d1/zona-pescado-local.jpg?w=500&h=-1&s=1
50,51, 방주교회,건축물 • 종교적인 장소,/Attraction_Review-g297885-d9586402-Reviews-Bangju_Church-Jeju_Jeju_Island.html,https://dynamic-media-cdn.tripadvisor.com/media/daodao/photo-o/10/f9/c6/bb/peaceful-and-bright.jpg?w=500&h=-1&s=1
51,52, 용눈이오름,화산,/Attraction_Review-g297885-d13088993-Reviews-Yongnuni_Oreum_Volcanic_Cone-Jeju_Jeju_Island.html,https://dynamic-media-cdn.tripadvisor.com/media/photo-o/11/2a/40/e2/photo8jpg.jpg?w=500&h=-1&s=1
52,53, 테지움 제주,전문 박물관 • 놀이공원 & 테마파크,/Attraction_Review-g297885-d3805571-Reviews-Teseum_Jeju-Jeju_Jeju_Island.html,https://dynamic-media-cdn.tripadvisor.com/media/photo-o/17/5e/b2/d2/photo2jpg.jpg?w=500&h=-1&s=1
53,54, 관음사,종교적인 장소,/Attraction_Review-g297885-d3805604-Reviews-Gwaneumsa_Temple-Jeju_Jeju_Island.html,https://dynamic-media-cdn.tripadvisor.com/media/photo-o/04/9d/4d/cd/three-story-high-statue.jpg?w=500&h=400&s=1
54,55, 제주 들불축제,문화 행사,/Attraction_Review-g297885-d10020515-Reviews-Jeju_Fire_Festival-Jeju_Jeju_Island.html,https://dynamic-media-cdn.tripadvisor.com/media/photo-o/12/3b/e9/fb/20180303-204512-largejpg.jpg?w=500&h=400&s=1
55,56, 더 마 파크,놀이공원 & 테마파크,/Attraction_Review-g297885-d4211966-Reviews-The_Ma_Park-Jeju_Jeju_Island.html,https://dynamic-media-cdn.tripadvisor.com/media/photo-o/03/ea/70/cf/the-ma-park.jpg?w=500&h=-1&s=1
56,57, 거문오름,자연 & 야생동물 서식지 • 하이킹 트레일,/Attraction_Review-g297885-d8790325-Reviews-Geomunoreum-Jeju_Jeju_Island.html,https://dynamic-media-cdn.tripadvisor.com/media/photo-o/14/4d/a5/b2/caption.jpg?w=500&h=-1&s=1
57,58, 넥슨컴퓨터박물관,과학박물관,/Attraction_Review-g297885-d9582862-Reviews-Nexon_Computer_Museum-Jeju_Jeju_Island.html,https://dynamic-media-cdn.tripadvisor.com/media/photo-o/15/d3/c9/66/history-of-computers.jpg?w=500&h=400&s=1
58,59, 외돌개,지층,/Attraction_Review-g297892-d1759602-Reviews-Oedolgae-Seogwipo_Jeju_Island.html,https://dynamic-media-cdn.tripadvisor.com/media/photo-o/16/2a/5d/b6/20190118-094438-hdr-largejpg.jpg?w=500&h=-1&s=1
59,60, 삼성혈,역사적인 장소,/Attraction_Review-g297885-d1875721-Reviews-Samseonghyeol-Jeju_Jeju_Island.html,https://dynamic-media-cdn.tripadvisor.com/media/photo-o/15/d3/ca/e6/legend-of-3-holes.jpg?w=500&h=400&s=1
60,61, 제주 현대 미술관,아트뮤지엄,/Attraction_Review-g297885-d2203392-Reviews-Jeju_Museum_of_Contemporary_Art-Jeju_Jeju_Island.html,https://dynamic-media-cdn.tripadvisor.com/media/photo-o/13/82/c3/75/20180628-125914-largejpg.jpg?w=500&h=-1&s=1
61,62, 제주 공룡 랜드,놀이공원 & 테마파크,/Attraction_Review-g297885-d2238844-Reviews-Jeju_Dinosaur_Land-Jeju_Jeju_Island.html,https://dynamic-media-cdn.tripadvisor.com/media/photo-o/02/5c/ee/8f/caption.jpg?w=500&h=400&s=1
62,63, 신화테마파크,놀이공원 & 테마파크,/Attraction_Review-g297892-d12788893-Reviews-Shinhwa_Theme_Park-Seogwipo_Jeju_Island.html,https://dynamic-media-cdn.tripadvisor.com/media/photo-o/17/b2/65/60/shinhwa-theme-park-s.jpg?w=500&h=400&s=1
63,64, 아쿠아 플라넷 제주,수족관,/Attraction_Review-g297892-d3447164-Reviews-Aquaplanet_Jeju-Seogwipo_Jeju_Island.html,https://dynamic-media-cdn.tripadvisor.com/media/photo-o/11/98/87/86/20171224-144315-largejpg.jpg?w=500&h=-1&s=1
64,65, 삼양 검은모래 해변,해변,/Attraction_Review-g297885-d6876755-Reviews-Samyang_Black_Sand_Beach-Jeju_Jeju_Island.html,https://dynamic-media-cdn.tripadvisor.com/media/photo-o/0b/33/06/60/visited-on-852016.jpg?w=500&h=-1&s=1
65,66, 제주미니미니랜드,놀이공원 & 테마파크,/Attraction_Review-g297885-d4087348-Reviews-Jeju_Mini_Mini_Land-Jeju_Jeju_Island.html,https://dynamic-media-cdn.tripadvisor.com/media/photo-o/03/de/06/8b/eiffel-tower-and-other.jpg?w=500&h=-1&s=1
66,67, 오설록 티 뮤지엄,전문 박물관,/Attraction_Review-g297892-d646087-Reviews-O_sulloc_Tea_Museum-Seogwipo_Jeju_Island.html,https://dynamic-media-cdn.tripadvisor.com/media/photo-o/07/0b/db/8c/o-sulloc-tea-museum.jpg?w=500&h=400&s=1
67,68, 제주맥주,맥주 양조장,/Attraction_Review-g297885-d12826975-Reviews-Jeju_Beer-Jeju_Jeju_Island.html,https://dynamic-media-cdn.tripadvisor.com/media/photo-o/10/63/76/81/3.jpg?w=500&h=400&s=1
68,69, 선녀와 나무꾼 박물관,전문 박물관,/Attraction_Review-g297885-d2337364-Reviews-Angel_and_Woodcutter_Museum-Jeju_Jeju_Island.html,https://dynamic-media-cdn.tripadvisor.com/media/photo-o/05/56/ed/93/caption.jpg?w=500&h=400&s=1
69,70, 송악산,산,/Attraction_Review-g297892-d4223908-Reviews-Songaksan_Mountain-Seogwipo_Jeju_Island.html,https://dynamic-media-cdn.tripadvisor.com/media/photo-o/13/4b/e4/db/imag0838-largejpg.jpg?w=500&h=-1&s=1
70,71, Jeju Chilsung Fashion Street,쇼핑몰,/Attraction_Review-g297885-d10427993-Reviews-Jeju_Chilsung_Fashion_Street-Jeju_Jeju_Island.html,https://dynamic-media-cdn.tripadvisor.com/media/photo-o/0f/0c/98/49/entrance.jpg?w=500&h=-1&s=1
71,72, 한담해안산책로,경관이 좋은 산책로,/Attraction_Review-g297885-d13006906-Reviews-Handam_Coastal_Trail-Jeju_Jeju_Island.html,https://dynamic-media-cdn.tripadvisor.com/media/photo-o/14/a1/07/18/9.jpg?w=500&h=-1&s=1
72,73, 제주목 관아,역사적인 장소 • 건축물,/Attraction_Review-g297885-d3805456-Reviews-Jejumok_Gwana-Jeju_Jeju_Island.html,https://dynamic-media-cdn.tripadvisor.com/media/photo-o/15/d3/c4/ea/peaceful-place-to-explore.jpg?w=500&h=400&s=1
73,74, 국립 제주 박물관,전문 박물관,/Attraction_Review-g297885-d2337344-Reviews-Jeju_National_Museum-Jeju_Jeju_Island.html,https://dynamic-media-cdn.tripadvisor.com/media/photo-o/09/b0/5e/cb/20151114-123941-largejpg.jpg?w=500&h=-1&s=1
74,75, 성이시돌 목장,농장,/Attraction_Review-g297885-d9710217-Reviews-Isidore_Farm-Jeju_Jeju_Island.html,https://dynamic-media-cdn.tripadvisor.com/media/photo-o/14/0a/53/59/caption.jpg?w=500&h=400&s=1
75,76, 제주평화박물관,군사 박물관 • 역사박물관,/Attraction_Review-g297885-d2202428-Reviews-Jeju_Museum_of_War_History_Peace-Jeju_Jeju_Island.html,https://dynamic-media-cdn.tripadvisor.com/media/photo-o/06/eb/49/90/caption.jpg?w=500&h=-1&s=1
76,77, 맥파이 브루어리,맥주 양조장,/Attraction_Review-g297885-d11734363-Reviews-Magpie_Brewery-Jeju_Jeju_Island.html,https://dynamic-media-cdn.tripadvisor.com/media/photo-o/11/8b/c4/b4/tanks.jpg?w=500&h=400&s=1
77,78, 아라리오뮤지엄 탑동시네마,아트갤러리,/Attraction_Review-g297885-d8706457-Reviews-Arario_Museum_Tapdong_Cinema-Jeju_Jeju_Island.html,https://dynamic-media-cdn.tripadvisor.com/media/photo-o/0c/0f/8a/c7/caption.jpg?w=500&h=400&s=1
78,79, 카멜리아힐,자연 & 야생동물 서식지 • 가든,/Attraction_Review-g297892-d9736316-Reviews-Camellia_Hill-Seogwipo_Jeju_Island.html,https://dynamic-media-cdn.tripadvisor.com/media/photo-o/13/58/01/b9/caption.jpg?w=500&h=-1&s=1
79,80, 서귀포매일올레시장,벼룩시장 & 재래시장,/Attraction_Review-g297892-d3231673-Reviews-Seogwipo_Maeil_Olleh_Market-Seogwipo_Jeju_Island.html,https://dynamic-media-cdn.tripadvisor.com/media/photo-o/15/3f/e3/8a/20181104-113849-largejpg.jpg?w=500&h=400&s=1
80,81, 박물관은 살아있다,전문 박물관,/Attraction_Review-g297892-d3694639-Reviews-Alive_Museum-Seogwipo_Jeju_Island.html,https://dynamic-media-cdn.tripadvisor.com/media/photo-o/03/c5/44/20/alive-museum.jpg?w=500&h=400&s=1
81,82, 제주민속촌,아트뮤지엄,/Attraction_Review-g297892-d2045845-Reviews-Jeju_Folk_Village_Jeju_Minsokchon-Seogwipo_Jeju_Island.html,https://dynamic-media-cdn.tripadvisor.com/media/photo-o/08/9a/85/5c/photo5jpg.jpg?w=500&h=-1&s=1
82,83, 제주레일바이크,절경 철도선로,/Attraction_Review-g297885-d11742461-Reviews-Jeju_Rail_Park-Jeju_Jeju_Island.html,https://dynamic-media-cdn.tripadvisor.com/media/photo-o/10/30/33/62/photo1jpg.jpg?w=500&h=-1&s=1
83,84, 산방산,산,/Attraction_Review-g297892-d6669874-Reviews-Sanbangsan_Mountain-Seogwipo_Jeju_Island.html,https://dynamic-media-cdn.tripadvisor.com/media/photo-o/10/60/bf/ea/canola-flower-fields.jpg?w=500&h=400&s=1
84,85, 누웨마루 거리,인근 지역,/Attraction_Review-g297885-d8121619-Reviews-Nuwemaru_Street-Jeju_Jeju_Island.html,https://dynamic-media-cdn.tripadvisor.com/media/photo-o/07/fb/48/10/baojian-street.jpg?w=500&h=-1&s=1
85,86, 쇠소깍,물길,/Attraction_Review-g297892-d4223907-Reviews-Soesokkak_Estuary-Seogwipo_Jeju_Island.html,https://dynamic-media-cdn.tripadvisor.com/media/photo-o/0f/58/24/52/20170522160126-img-6050.jpg?w=500&h=400&s=1
86,87, 사라봉공원,공원,/Attraction_Review-g297885-d7987797-Reviews-Sarabong_Park-Jeju_Jeju_Island.html,https://dynamic-media-cdn.tripadvisor.com/media/photo-o/0f/76/a5/ad/sarabong-peak.jpg?w=500&h=400&s=1
87,88, 한담공원,공원,/Attraction_Review-g297885-d7987808-Reviews-Handam_Park-Jeju_Jeju_Island.html,https://dynamic-media-cdn.tripadvisor.com/media/photo-o/10/c8/1c/6e/caption.jpg?w=500&h=-1&s=1
88,89, 그리스신화 박물관,역사박물관,/Attraction_Review-g297885-d8737815-Reviews-Greek_Mythology_Museum-Jeju_Jeju_Island.html,https://dynamic-media-cdn.tripadvisor.com/media/photo-o/0f/0d/0d/10/greek-empire.jpg?w=500&h=-1&s=1
89,90, 다희연,가든,/Attraction_Review-g297885-d2337358-Reviews-DaHeeYeon-Jeju_Jeju_Island.html,https://dynamic-media-cdn.tripadvisor.com/media/photo-o/02/64/92/1d/daheeyeon.jpg?w=500&h=-1&s=1
90,91, 제주도립미술관,아트뮤지엄,/Attraction_Review-g297885-d9755426-Reviews-Jeju_Museum_of_Art-Jeju_Jeju_Island.html,https://dynamic-media-cdn.tripadvisor.com/media/photo-o/10/e5/65/3a/caption.jpg?w=500&h=400&s=1
91,92, 환상숲곶자왈공원,산림,/Attraction_Review-g297885-d10308227-Reviews-Hwansang_Forest_Gotjawal_Garden-Jeju_Jeju_Island.html,https://dynamic-media-cdn.tripadvisor.com/media/photo-o/0f/96/06/c6/caption.jpg?w=500&h=-1&s=1
92,93, 제주 세계자연유산센터,자연사 박물관,/Attraction_Review-g297885-d9582869-Reviews-Jeju_World_Natural_Heritage_Center-Jeju_Jeju_Island.html,https://dynamic-media-cdn.tripadvisor.com/media/photo-o/0f/5a/81/18/caption.jpg?w=500&h=400&s=1
93,94, 제주민속박물관,아트뮤지엄,/Attraction_Review-g297885-d3805442-Reviews-Jeju_Folk_Museum-Jeju_Jeju_Island.html,https://dynamic-media-cdn.tripadvisor.com/media/photo-o/0a/fd/58/1d/lokasi-syuting-janggeum.jpg?w=500&h=400&s=1
94,95, 제주관광승마장,승마 트레일,/Attraction_Review-g297885-d9755510-Reviews-Jeju_Tourist_Horse_Riding-Jeju_Jeju_Island.html,https://dynamic-media-cdn.tripadvisor.com/media/photo-o/0b/47/21/46/jeju-tourist-horse-riding.jpg?w=500&h=-1&s=1
95,96, 신창 풍차해안도로,즐길거리 & 랜드마크 • 부두 & 보드워크,/Attraction_Review-g297885-d16850805-Reviews-Sinchang_Windmill_Coastal_Road-Jeju_Jeju_Island.html,https://dynamic-media-cdn.tripadvisor.com/media/photo-o/16/e1/36/d1/ezy-watermark-20-03-2019.jpg?w=500&h=-1&s=1
96,97, 김경숙해바라기농장,가든,/Attraction_Review-g297885-d13123247-Reviews-Kim_Kyung_Sook_Sunflower_Farm-Jeju_Jeju_Island.html,https://dynamic-media-cdn.tripadvisor.com/media/photo-o/13/91/03/da/kim-kyung-sook-sunflower.jpg?w=500&h=-1&s=1
97,98, 항파두리 항몽,역사적인 장소 • 고대 유적,/Attraction_Review-g297885-d12207757-Reviews-Hangpaduri_Hangmong_Historic_Site-Jeju_Jeju_Island.html,https://dynamic-media-cdn.tripadvisor.com/media/photo-o/15/3d/08/4a/3.jpg?w=500&h=-1&s=1
98,99, 렛츠런팜 제주,공원 • 경마장,/Attraction_Review-g297885-d12105688-Reviews-Let_s_Run_Farm_Jeju-Jeju_Jeju_Island.html,https://dynamic-media-cdn.tripadvisor.com/media/photo-o/19/8c/f7/ed/caption.jpg?w=500&h=400&s=1
99,100, 돌하르방 공원,공원,/Attraction_Review-g297885-d2337362-Reviews-Dolharbang_Park-Jeju_Jeju_Island.html,https://dynamic-media-cdn.tripadvisor.com/media/photo-o/03/82/cb/42/old-man-with-heart-shape.jpg?w=500&h=400&s=1
100,101, 약천사,종교적인 장소,/Attraction_Review-g297892-d1675959-Reviews-Yakchunsa_Temple-Seogwipo_Jeju_Island.html,https://dynamic-media-cdn.tripadvisor.com/media/photo-o/11/7b/6c/74/20171203-112027-hdr-largejpg.jpg?w=500&h=-1&s=1
101,102, 방림원 (세계 야생화 박물관),전문 박물관,/Attraction_Review-g297885-d2204911-Reviews-Banglimwon-Jeju_Jeju_Island.html,https://dynamic-media-cdn.tripadvisor.com/media/photo-o/0f/62/ff/d1/photo7jpg.jpg?w=500&h=-1&s=1
102,103, 제주불빛정원,즐길거리 & 랜드마크 • 가든,/Attraction_Review-g297885-d12621171-Reviews-Jeju_Light_Garden-Jeju_Jeju_Island.html,https://dynamic-media-cdn.tripadvisor.com/media/photo-o/11/4b/4b/d5/many-more-installations.jpg?w=500&h=400&s=1
103,104, 제주웰컴센터,관광센터,/Attraction_Review-g297885-d10088998-Reviews-Jeju_Welcome_Center-Jeju_Jeju_Island.html,https://dynamic-media-cdn.tripadvisor.com/media/photo-o/0a/ad/d3/64/caption.jpg?w=500&h=400&s=1
104,105, 중문 색달 해변,해변,/Attraction_Review-g297892-d7049502-Reviews-Jungmun_Saekdal_Beach-Seogwipo_Jeju_Island.html,https://dynamic-media-cdn.tripadvisor.com/media/photo-o/0d/a1/2d/2b/jungmun-saekdal-beach.jpg?w=500&h=400&s=1
105,106, 수월봉,즐길거리 & 랜드마크 • 전망대,/Attraction_Review-g297885-d15075932-Reviews-Suwolbong_Peak-Jeju_Jeju_Island.html,https://dynamic-media-cdn.tripadvisor.com/media/photo-o/14/a7/ae/b2/caption.jpg?w=500&h=400&s=1
106,107, 아라리오뮤지엄 동문모텔,아트갤러리,/Attraction_Review-g297885-d10587090-Reviews-Arario_Museum_Dongmun_Motel-Jeju_Jeju_Island.html,https://dynamic-media-cdn.tripadvisor.com/media/photo-o/0c/0f/89/03/getlstd-property-photo.jpg?w=500&h=-1&s=1
107,108, 관덕정,역사적인 장소 • 건축물,/Attraction_Review-g297885-d13809219-Reviews-Gwandeokjeong_Pavilion-Jeju_Jeju_Island.html,https://dynamic-media-cdn.tripadvisor.com/media/photo-o/15/d3/c5/c0/just-a-pavilion.jpg?w=500&h=400&s=1
108,109, 트릭아이 미술관,전문 박물관,/Attraction_Review-g297885-d6569909-Reviews-Trickeye_Museum-Jeju_Jeju_Island.html,https://dynamic-media-cdn.tripadvisor.com/media/photo-o/0a/55/da/a0/3.jpg?w=500&h=400&s=1
109,110, 금오름,화산,/Attraction_Review-g297885-d13282844-Reviews-Geumak_Oreum_Volcanic_Cone-Jeju_Jeju_Island.html,https://dynamic-media-cdn.tripadvisor.com/media/photo-o/11/ad/b9/4b/caption.jpg?w=500&h=400&s=1
110,111, 동백동산습지센터,관광센터,/Attraction_Review-g297885-d13006936-Reviews-Dongbaek_Dongsan_Wetland_Center-Jeju_Jeju_Island.html,https://dynamic-media-cdn.tripadvisor.com/media/photo-o/11/ad/e0/a2/photo2jpg.jpg?w=500&h=-1&s=1
111,112, 노루생태관찰원,자연 & 야생동물 서식지,/Attraction_Review-g297885-d12485161-Reviews-Roe_Deer_Observation_Center-Jeju_Jeju_Island.html,https://dynamic-media-cdn.tripadvisor.com/media/photo-o/10/7f/7a/84/outside-the-centre.jpg?w=500&h=400&s=1
112,113, 구엄리돌염전,즐길거리 & 랜드마크,/Attraction_Review-g297885-d10720355-Reviews-Gueomri_Stone_Salt_Farm-Jeju_Jeju_Island.html,https://dynamic-media-cdn.tripadvisor.com/media/photo-o/0d/5a/3f/09/stone-salt-farm.jpg?w=500&h=400&s=1
113,114, 테마파크 프시케월드,놀이공원 & 테마파크,/Attraction_Review-g297885-d2203402-Reviews-Theme_Park_Psyche_World-Jeju_Jeju_Island.html,https://dynamic-media-cdn.tripadvisor.com/media/photo-o/07/13/77/32/theme-park-psyche-world.jpg?w=500&h=400&s=1
114,115, 불사리 탑사,종교적인 장소,/Attraction_Review-g297885-d8591599-Reviews-Bulsari_Tapsa_Temple-Jeju_Jeju_Island.html,https://dynamic-media-cdn.tripadvisor.com/media/photo-o/08/e1/72/2e/bulsari-tapsa-temple.jpg?w=500&h=400&s=1
115,116, 제주별빛누리공원,과학박물관 • 관측소 & 천체투영관,/Attraction_Review-g297885-d9764337-Reviews-Jeju_Starlight_World_Park-Jeju_Jeju_Island.html,https://dynamic-media-cdn.tripadvisor.com/media/photo-o/0a/fa/99/25/img-20160410-203616-largejpg.jpg?w=500&h=-1&s=1
116,117, 검멀레,즐길거리 & 랜드마크 • 경관이 좋은 산책로,/Attraction_Review-g297885-d16871819-Reviews-Geommeolle-Jeju_Jeju_Island.html,https://dynamic-media-cdn.tripadvisor.com/media/photo-o/16/f3/a0/32/caption.jpg?w=500&h=400&s=1
117,118, 너븐숭이4,역사적인 장소,/Attraction_Review-g297885-d13002016-Reviews-Neobeunsungi_April_3rd_Incident_Memorial_Hall-Jeju_Jeju_Island.html,
117,119, 건강과 성 박물관,전문 박물관,/Attraction_Review-g297892-d2203355-Reviews-Museum_of_Sex_and_Health-Seogwipo_Jeju_Island.html,https://dynamic-media-cdn.tripadvisor.com/media/photo-o/0d/03/11/6b/statue.jpg?w=500&h=400&s=1
118,120, 렛츠런파크제주,공원,/Attraction_Review-g297885-d13343300-Reviews-Let_s_Run_Park-Jeju_Jeju_Island.html,https://dynamic-media-cdn.tripadvisor.com/media/photo-o/13/a0/45/7b/img20180707154352-largejpg.jpg?w=500&h=-1&s=1
119,121, 탑동광장,즐길거리 & 랜드마크,/Attraction_Review-g297885-d13545598-Reviews-Tapdong_Plaza-Jeju_Jeju_Island.html,https://dynamic-media-cdn.tripadvisor.com/media/photo-o/12/23/5e/fb/side-walk-and-sunset.jpg?w=500&h=400&s=1
120,122, 산호해수욕장,해변,/Attraction_Review-g297885-d16871842-Reviews-Sanho_Beach-Jeju_Jeju_Island.html,https://dynamic-media-cdn.tripadvisor.com/media/photo-o/19/66/09/18/caption.jpg?w=500&h=400&s=1
121,123, 아침미소목장,농장,/Attraction_Review-g297885-d14203254-Reviews-Morning_Smile_Mokjang-Jeju_Jeju_Island.html,https://dynamic-media-cdn.tripadvisor.com/media/photo-o/13/a6/6a/4e/caption.jpg?w=500&h=400&s=1
122,124, 서우봉,경관이 좋은 산책로,/Attraction_Review-g297885-d19428681-Reviews-Seoubong-Jeju_Jeju_Island.html,https://dynamic-media-cdn.tripadvisor.com/media/photo-o/1a/07/fc/dd/photo0jpg.jpg?w=500&h=-1&s=1
123,125, 드라마 월드,전문 박물관,/Attraction_Review-g297885-d8262106-Reviews-Drama_World-Jeju_Jeju_Island.html,https://dynamic-media-cdn.tripadvisor.com/media/photo-o/0b/60/44/c3/20160524-114320-largejpg.jpg?w=500&h=400&s=1
124,126, 제주추사관,역사박물관,/Attraction_Review-g297885-d15213177-Reviews-Jeju_Chusagwan-Jeju_Jeju_Island.html,https://dynamic-media-cdn.tripadvisor.com/media/photo-o/15/42/2d/fd/caption.jpg?w=500&h=400&s=1
125,127, Kim Man Duk Memorial Museum,전문 박물관 • 어린이 박물관,/Attraction_Review-g297885-d13511645-Reviews-Kim_Man_Duk_Memorial_Museum-Jeju_Jeju_Island.html,https://dynamic-media-cdn.tripadvisor.com/media/photo-o/12/10/79/a0/main-building.jpg?w=500&h=400&s=1
126,128, 감귤체험농장 귤향기,농장,/Attraction_Review-g297885-d20297562-Reviews-Gamgyul_Cheheom_Nongjang_Gyulhyanggi-Jeju_Jeju_Island.html,https://dynamic-media-cdn.tripadvisor.com/media/photo-o/1b/22/5e/53/good-deal.jpg?w=500&h=-1&s=1
127,129, 아부 오름,화산,/Attraction_Review-g297885-d15512985-Reviews-Abu_Oleum-Jeju_Jeju_Island.html,https://dynamic-media-cdn.tripadvisor.com/media/photo-o/16/81/ce/8f/20190215-144615-largejpg.jpg?w=500&h=-1&s=1
128,130, 화조원,동물원,/Attraction_Review-g297885-d15013063-Reviews-Jeju_Flower_Bird_Park_Falconry_Centre-Jeju_Jeju_Island.html,https://dynamic-media-cdn.tripadvisor.com/media/photo-o/14/2a/91/67/amazing-animal-experience.jpg?w=500&h=400&s=1
129,131, 본태박물관,전문 박물관 • 아트뮤지엄,/Attraction_Review-g297892-d10088727-Reviews-Bonte_Museum-Seogwipo_Jeju_Island.html,https://dynamic-media-cdn.tripadvisor.com/media/photo-o/0c/6b/aa/e2/photo1jpg.jpg?w=500&h=400&s=1
130,132, 9,사격장 • 놀이공원 & 테마파크,/Attraction_Review-g297885-d19254852-Reviews-9_81_Park-Jeju_Jeju_Island.html,https://dynamic-media-cdn.tripadvisor.com/media/photo-o/21/99/c5/7f/360.jpg?w=500&h=400&s=1
131,133, 세계자동차제주박물관,전문 박물관,/Attraction_Review-g297892-d4094735-Reviews-World_Automobile_Jeju_Museum-Seogwipo_Jeju_Island.html,https://dynamic-media-cdn.tripadvisor.com/media/photo-o/07/13/71/85/jeju-museum-of-world.jpg?w=500&h=400&s=1
132,134, 정물오름,하이킹 트레일 • 산림,/Attraction_Review-g297885-d16676718-Reviews-Jeongmul_Oleum-Jeju_Jeju_Island.html,https://dynamic-media-cdn.tripadvisor.com/media/photo-o/16/81/bd/f5/jeongmul-oleum.jpg?w=500&h=400&s=1
133,135, 삼무공원,공원,/Attraction_Review-g297885-d8262099-Reviews-Sammu_Park-Jeju_Jeju_Island.html,https://dynamic-media-cdn.tripadvisor.com/media/photo-o/08/0d/20/39/sammu-park.jpg?w=500&h=-1&s=1
134,136, 제주요 도자기 문화 박물관,전문 박물관,/Attraction_Review-g297885-d3342978-Reviews-Jejuyo_Ceramic_Culture_Museum-Jeju_Jeju_Island.html,https://dynamic-media-cdn.tripadvisor.com/media/photo-o/0e/16/38/53/jejuyo-ceramic-culture.jpg?w=500&h=-1&s=1
135,137, 제주도립 김창열 미술관,아트뮤지엄,/Attraction_Review-g297885-d19717748-Reviews-Kim_Tschang_Yeul_Art_Museum_Jeju-Jeju_Jeju_Island.html,https://dynamic-media-cdn.tripadvisor.com/media/photo-o/1a/52/11/9d/caption.jpg?w=500&h=400&s=1
136,138, 관음사탐방로,즐길거리 & 랜드마크 • 경관이 좋은 산책로,/Attraction_Review-g297885-d17376342-Reviews-Gwaneumsa_Trail-Jeju_Jeju_Island.html,https://dynamic-media-cdn.tripadvisor.com/media/photo-o/1d/1a/db/3f/caption.jpg?w=500&h=400&s=1
137,139, 협재굴 - 한림공원,동굴,/Attraction_Review-g297885-d12001569-Reviews-Hyeopjaegul_Cave_Hallim_Park-Jeju_Jeju_Island.html,https://dynamic-media-cdn.tripadvisor.com/media/photo-o/1d/0d/9c/bc/caption.jpg?w=500&h=-1&s=1
138,140, 어승생악,하이킹 트레일,/Attraction_Review-g297885-d15556175-Reviews-Eoseungsaengak_Trail-Jeju_Jeju_Island.html,https://dynamic-media-cdn.tripadvisor.com/media/photo-o/16/9e/4e/f9/pintu-masuk-jalur-pendakian.jpg?w=400&h=-1&s=1
140,141, 용연구름다리,즐길거리 & 랜드마크 • 브리지,/Attraction_Review-g297885-d15357694-Reviews-Yongyeon_Cloud_Bridge-Jeju_Jeju_Island.html,
141,142, 왕따나무,즐길거리 & 랜드마크 • 경관이 좋은 산책로,/Attraction_Review-g297885-d18919734-Reviews-The_Lonely_Tree-Jeju_Jeju_Island.html,
142,143, 천아계곡,계곡,/Attraction_Review-g297885-d19408488-Reviews-Cheona_Gyegok-Jeju_Jeju_Island.html,
143,144, 민오름 -  오라동,산 • 경관이 좋은 산책로,/Attraction_Review-g297885-d18928117-Reviews-Min_Oreum_Oradong-Jeju_Jeju_Island.html,
139,145, 라마다 프라자 제주호텔 카지노,카지노,/Attraction_Review-g297885-d8592152-Reviews-Ramada_Plaza_Jeju_Hotel_Casino-Jeju_Jeju_Island.html,https://dynamic-media-cdn.tripadvisor.com/media/photo-o/0e/c6/fa/67/ramada-plaza-jeju-hotel.jpg?w=500&h=400&s=1
140,146, 제주국제평화센터,전문 박물관,/Attraction_Review-g297885-d17321784-Reviews-International_Peace_Center_Jeju-Jeju_Jeju_Island.html,https://dynamic-media-cdn.tripadvisor.com/media/photo-o/17/25/cc/2c/caption.jpg?w=500&h=400&s=1
141,147, 선운정사,종교적인 장소,/Attraction_Review-g297885-d9586443-Reviews-Seonunjeongsa_Temple-Jeju_Jeju_Island.html,https://dynamic-media-cdn.tripadvisor.com/media/photo-o/0c/6c/26/c0/caption.jpg?w=500&h=-1&s=1
142,148, 제주항일기념관,역사박물관,/Attraction_Review-g297885-d2202456-Reviews-Jeju_Hangil_Memorial_Hall-Jeju_Jeju_Island.html,https://dynamic-media-cdn.tripadvisor.com/media/photo-o/0c/14/bf/c7/museum.jpg?w=500&h=400&s=1
143,149, 제주 여미지 식물원,공원 • 가든,/Attraction_Review-g297892-d2204917-Reviews-Yeomiji_Botanical_Garden-Seogwipo_Jeju_Island.html,https://dynamic-media-cdn.tripadvisor.com/media/photo-o/06/b0/9b/d6/yeomiji-botanical-garden.jpg?w=500&h=400&s=1
144,150, 녹산로유채꽃길,절경 드라이브 코스 • 경관이 좋은 산책로,/Attraction_Review-g297885-d17132519-Reviews-Noksan_ro_Canola_Flower_Road-Jeju_Jeju_Island.html,https://dynamic-media-cdn.tripadvisor.com/media/photo-o/17/0a/c2/03/caption.jpg?w=500&h=400&s=1
145,151, 카페 글렌코,가든,/Attraction_Review-g297885-d19649614-Reviews-Cafe_Glencoe-Jeju_Jeju_Island.html,https://dynamic-media-cdn.tripadvisor.com/media/photo-o/1a/43/9c/4f/caption.jpg?w=500&h=-1&s=1
146,152, 광치기 해변,해변,/Attraction_Review-g297892-d8790518-Reviews-Gwangchigi_Beach-Seogwipo_Jeju_Island.html,https://dynamic-media-cdn.tripadvisor.com/media/photo-o/09/6c/cf/e9/seogwipo.jpg?w=500&h=400&s=1
147,153, 궷물오름,산 • 산림,/Attraction_Review-g297885-d17325576-Reviews-Gwetmul_Oleum-Jeju_Jeju_Island.html,https://dynamic-media-cdn.tripadvisor.com/media/photo-o/18/8f/e6/c6/caption.jpg?w=500&h=400&s=1
148,154, 파크 써던랜드,놀이공원 & 테마파크,/Attraction_Review-g297885-d4094768-Reviews-Park_Southernland-Jeju_Jeju_Island.html,https://dynamic-media-cdn.tripadvisor.com/media/photo-o/05/52/c7/b1/the-aisles.jpg?w=500&h=-1&s=1
149,155, 아랑조을거리,인근 지역 • 즐길거리 & 랜드마크,/Attraction_Review-g297885-d20283477-Reviews-Arang_Joeul_Food_Street-Jeju_Jeju_Island.html,https://dynamic-media-cdn.tripadvisor.com/media/photo-o/1b/19/2b/c4/street-of-interesting.jpg?w=500&h=-1&s=1
150,156, 빛의 벙커,아트갤러리 • 아트뮤지엄,/Attraction_Review-g297892-d15556246-Reviews-Bunker_de_Lumieres-Seogwipo_Jeju_Island.html,https://dynamic-media-cdn.tripadvisor.com/media/photo-o/15/88/c2/d8/getlstd-property-photo.jpg?w=500&h=-1&s=1
151,157, 제주 선흘리 벵뒤굴,동굴,/Attraction_Review-g297885-d3805375-Reviews-Jeju_Seonheulli_Bengdwigul_Cave-Jeju_Jeju_Island.html,https://dynamic-media-cdn.tripadvisor.com/media/photo-o/08/9b/07/3b/caption.jpg?w=500&h=400&s=1
152,158, 가파도,섬,/Attraction_Review-g297892-d7788254-Reviews-Gapado_Island-Seogwipo_Jeju_Island.html,https://dynamic-media-cdn.tripadvisor.com/media/photo-o/07/7e/8c/d1/gapado-island.jpg?w=500&h=-1&s=1
158,159, Baengnokdam Lake,물길,/Attraction_Review-g297885-d12001538-Reviews-Baengnokdam_Lake-Jeju_Jeju_Island.html,
159,160, 마제스타 카지노,카지노,/Attraction_Review-g297885-d10431551-Reviews-Majestar_Casino-Jeju_Jeju_Island.html,
153,161, 다랑쉬오름,화산,/Attraction_Review-g297885-d13138026-Reviews-Darangswi_Oreum_Volcanic_Cone-Jeju_Jeju_Island.html,https://dynamic-media-cdn.tripadvisor.com/media/photo-o/11/4c/14/37/caption.jpg?w=500&h=400&s=1
154,162, 제주 1100고지 습지보호지역,자연 & 야생동물 서식지,/Attraction_Review-g297892-d8121617-Reviews-Jeju_1100_Altitude_Wetland-Seogwipo_Jeju_Island.html,https://dynamic-media-cdn.tripadvisor.com/media/photo-o/07/f8/d8/2d/1100-highland.jpg?w=500&h=400&s=1
162,163, 혼인지,유서 깊은 산책로,/Attraction_Review-g297885-d3694410-Reviews-Honinji_Wedding_Site-Jeju_Jeju_Island.html,
155,164, 고산층,지층,/Attraction_Review-g297885-d12215466-Reviews-Gosan_Formation-Jeju_Jeju_Island.html,https://dynamic-media-cdn.tripadvisor.com/media/photo-o/0e/98/f5/c6/une-vue-de-l-ile-chagwido.jpg?w=500&h=-1&s=1
164,165, 산지등대,등대,/Attraction_Review-g297885-d18970116-Reviews-Mountain_Lighthouse-Jeju_Jeju_Island.html,
165,166, Sara Oreum Lake,물길,/Attraction_Review-g297885-d12001552-Reviews-Sara_Oreum_Lake-Jeju_Jeju_Island.html,
156,167, 아라리오뮤지엄 탑동바이크샵,아트갤러리,/Attraction_Review-g297885-d10587039-Reviews-Arario_Museum_Tapdong_Bike_Shop-Jeju_Jeju_Island.html,https://dynamic-media-cdn.tripadvisor.com/media/photo-o/0e/dc/6b/c3/caption.jpg?w=500&h=400&s=1
157,168, 김녕사굴,동굴,/Attraction_Review-g297885-d3805552-Reviews-Gimnyeongsagul_Cave-Jeju_Jeju_Island.html,https://dynamic-media-cdn.tripadvisor.com/media/photo-o/1a/91/7f/be/photo1jpg.jpg?w=500&h=-1&s=1
158,169, 사라봉,화산,/Attraction_Review-g297885-d13328738-Reviews-Sarabong_Volcanic_Cone-Jeju_Jeju_Island.html,https://dynamic-media-cdn.tripadvisor.com/media/photo-o/11/a7/5c/96/img-20171231-wa0013-largejpg.jpg?w=500&h=-1&s=1
159,170, 제주 오리엔탈호텔 카지노,카지노,/Attraction_Review-g297885-d12826799-Reviews-Jeju_Oriental_Hotel_Casino-Jeju_Jeju_Island.html,https://dynamic-media-cdn.tripadvisor.com/media/photo-o/19/e3/9b/c1/sbs-gkc999-com-bmg999.jpg?w=300&h=300&s=1
160,171, 모충사,기념비 및 동상,/Attraction_Review-g297885-d13535144-Reviews-Mochungsa-Jeju_Jeju_Island.html,https://dynamic-media-cdn.tripadvisor.com/media/photo-o/12/15/32/50/entrance-tower-and-walk.jpg?w=500&h=400&s=1
171,172, 탑동광장,부두 & 보드워크 • 전망대 & 타워,/Attraction_Review-g297885-d13535177-Reviews-Tapdong_Plaza-Jeju_Jeju_Island.html,
161,173, 황우지,지층,/Attraction_Review-g297892-d7918035-Reviews-Hwangwooji_Coast-Seogwipo_Jeju_Island.html,https://dynamic-media-cdn.tripadvisor.com/media/photo-o/10/00/7f/b9/photo0jpg.jpg?w=500&h=400&s=1
162,174, 견월악 목마장,목장,/Attraction_Review-g297885-d6570715-Reviews-Gyeonworak_Mokmajang-Jeju_Jeju_Island.html,https://dynamic-media-cdn.tripadvisor.com/media/photo-o/11/3d/1a/6d/photo2jpg.jpg?w=500&h=400&s=1
163,175, 믿거나 말거나 박물관,전문 박물관,/Attraction_Review-g297892-d2337341-Reviews-Ripley_s_Believe_It_or_Not_Museum-Seogwipo_Jeju_Island.html,https://dynamic-media-cdn.tripadvisor.com/media/photo-o/0d/d3/12/0c/caption.jpg?w=500&h=400&s=1
164,176, 새연교,즐길거리 & 랜드마크 • 브리지,/Attraction_Review-g297892-d4504751-Reviews-Saeyeongyo_Bridge-Seogwipo_Jeju_Island.html,https://dynamic-media-cdn.tripadvisor.com/media/photo-o/05/b2/ab/a0/bird-island-bridges.jpg?w=500&h=400&s=1
165,177, 제주항공우주박물관,전문 박물관 • 과학박물관,/Attraction_Review-g297892-d8368637-Reviews-Jeju_Aerospace_Museum-Seogwipo_Jeju_Island.html,https://dynamic-media-cdn.tripadvisor.com/media/photo-o/0e/6c/dc/0f/photo0jpg.jpg?w=500&h=-1&s=1
166,178, 산방굴사,종교적인 장소,/Attraction_Review-g297892-d1675960-Reviews-Sanbanggulsa_Temple-Seogwipo_Jeju_Island.html,https://dynamic-media-cdn.tripadvisor.com/media/photo-o/0b/ae/a4/59/photo2jpg.jpg?w=500&h=-1&s=1
167,179, 약천사,종교적인 장소,/Attraction_Review-g297892-d11810529-Reviews-Yakcheonsa_Temple-Seogwipo_Jeju_Island.html,https://dynamic-media-cdn.tripadvisor.com/media/photo-o/0e/da/1f/09/yakcheonsa-temple-entrance.jpg?w=500&h=400&s=1
168,180, 마라도,섬,/Attraction_Review-g297892-d3823689-Reviews-Marado_Island-Seogwipo_Jeju_Island.html,https://dynamic-media-cdn.tripadvisor.com/media/photo-o/04/02/73/23/marado.jpg?w=500&h=-1&s=1
169,181, 이중섭 미술관,아트뮤지엄,/Attraction_Review-g297892-d2337345-Reviews-LeeJoongSeop_Art_Museum-Seogwipo_Jeju_Island.html,https://dynamic-media-cdn.tripadvisor.com/media/photo-o/0e/cc/54/27/photo2jpg.jpg?w=500&h=-1&s=1
170,182, 제주 유리 박물관,전문 박물관,/Attraction_Review-g297892-d2337343-Reviews-Jeju_Glass_Museum-Seogwipo_Jeju_Island.html,https://dynamic-media-cdn.tripadvisor.com/media/photo-o/11/4d/36/73/photo5jpg.jpg?w=500&h=400&s=1
171,183, 조랑말 체험공원,공원,/Attraction_Review-g297892-d6941947-Reviews-Jeju_Horse_Park-Seogwipo_Jeju_Island.html,https://dynamic-media-cdn.tripadvisor.com/media/photo-o/07/41/79/5e/jeju-horse-park.jpg?w=500&h=-1&s=1
172,184, 감귤 박물관,전문 박물관,/Attraction_Review-g297892-d2203378-Reviews-Citrus_Museum-Seogwipo_Jeju_Island.html,https://dynamic-media-cdn.tripadvisor.com/media/photo-o/09/d2/fa/3e/citrus-museum.jpg?w=500&h=-1&s=1
173,185, 지니어스 로사이,즐길거리 & 랜드마크,/Attraction_Review-g297892-d7118744-Reviews-Genius_Loci-Seogwipo_Jeju_Island.html,https://dynamic-media-cdn.tripadvisor.com/media/photo-o/0c/0f/ab/fb/caption.jpg?w=500&h=400&s=1
174,186, 코코몽 에코 파크,놀이공원 & 테마파크,/Attraction_Review-g297892-d4211967-Reviews-Cocomong_Eco_Park-Seogwipo_Jeju_Island.html,https://dynamic-media-cdn.tripadvisor.com/media/photo-o/03/de/10/d8/getlstd-property-photo.jpg?w=500&h=-1&s=1
175,187, 김영갑 갤러리 두모악,아트뮤지엄,/Attraction_Review-g297892-d2045847-Reviews-Kim_Younggap_Gallery_Dumoak-Seogwipo_Jeju_Island.html,https://dynamic-media-cdn.tripadvisor.com/media/photo-o/0d/e7/99/cc/caption.jpg?w=500&h=400&s=1
176,188, 따라비 오름,산,/Attraction_Review-g297892-d8738109-Reviews-Ttarabi_Oreum-Seogwipo_Jeju_Island.html,https://dynamic-media-cdn.tripadvisor.com/media/photo-o/09/4e/06/e7/caption.jpg?w=500&h=400&s=1
177,189, 중문 마린파크 퍼시픽랜드,놀이공원 & 테마파크,/Attraction_Review-g297892-d2204887-Reviews-Jungmun_Marine_Park_Pacific_Land-Seogwipo_Jeju_Island.html,https://dynamic-media-cdn.tripadvisor.com/media/photo-o/03/de/02/15/seafood-buffet.jpg?w=500&h=-1&s=1
178,190, 소인국 테마 파크,놀이공원 & 테마파크,/Attraction_Review-g297892-d1777636-Reviews-Soingook_Theme_Park-Seogwipo_Jeju_Island.html,https://dynamic-media-cdn.tripadvisor.com/media/photo-o/0b/fb/21/f7/photo3jpg.jpg?w=500&h=-1&s=1
179,191, 피규어뮤지엄제주,전문 박물관,/Attraction_Review-g297892-d15597788-Reviews-Figure_Museum_Jeju-Seogwipo_Jeju_Island.html,https://dynamic-media-cdn.tripadvisor.com/media/photo-o/15/a1/4e/4b/getlstd-property-photo.jpg?w=500&h=-1&s=1
180,192, 휴애리 자연 생활 공원,공원,/Attraction_Review-g297892-d2204896-Reviews-Hueree_Park-Seogwipo_Jeju_Island.html,https://dynamic-media-cdn.tripadvisor.com/media/photo-o/08/2e/7a/ef/hueree-park.jpg?w=500&h=400&s=1
181,193, 세계 조가비 박물관,전문 박물관,/Attraction_Review-g297892-d3231917-Reviews-World_Seashell_Museum-Seogwipo_Jeju_Island.html,https://dynamic-media-cdn.tripadvisor.com/media/photo-o/07/9c/7d/3b/caption.jpg?w=500&h=400&s=1
182,194, 제주 월드컵 경기장,스포츠 컴플렉스,/Attraction_Review-g297892-d1891444-Reviews-Jeju_World_Cup_Stadium-Seogwipo_Jeju_Island.html,https://dynamic-media-cdn.tripadvisor.com/media/photo-o/09/24/8f/a0/jeju-world-cup-stadium.jpg?w=500&h=400&s=1
183,195, 신화워터파크,워터파크,/Attraction_Review-g297892-d15132852-Reviews-Shinhwa_Water_Park-Seogwipo_Jeju_Island.html,https://dynamic-media-cdn.tripadvisor.com/media/photo-o/17/c9/54/a9/shinhwa-water-park.jpg?w=500&h=400&s=1
184,196, 보롬왓,즐길거리 & 랜드마크 • 농장,/Attraction_Review-g297892-d13196052-Reviews-Boromwat-Seogwipo_Jeju_Island.html,https://dynamic-media-cdn.tripadvisor.com/media/photo-o/15/37/23/3d/20181101-130349-hdr-largejpg.jpg?w=500&h=-1&s=1
185,197, 일출 랜드,공원,/Attraction_Review-g297892-d2204900-Reviews-Ilchul_Land-Seogwipo_Jeju_Island.html,https://dynamic-media-cdn.tripadvisor.com/media/photo-o/07/13/7c/50/ilchul-land.jpg?w=500&h=400&s=1
186,198, 위미리 동백나무군락,가든,/Attraction_Review-g297892-d13288602-Reviews-Camellia_Forest_in_Wimi-Seogwipo_Jeju_Island.html,https://dynamic-media-cdn.tripadvisor.com/media/photo-o/11/c4/89/25/photo0jpg.jpg?w=500&h=400&s=1
187,199, 조안베어뮤지엄,전문 박물관,/Attraction_Review-g297892-d3805421-Reviews-Joanne_Bear_Museum-Seogwipo_Jeju_Island.html,https://dynamic-media-cdn.tripadvisor.com/media/photo-o/0f/c1/ac/81/caption.jpg?w=500&h=400&s=1
188,200, 표선해비치해변,해변,/Attraction_Review-g297892-d8790487-Reviews-Pyoseon_Haevichi_Beach-Seogwipo_Jeju_Island.html,https://dynamic-media-cdn.tripadvisor.com/media/photo-o/09/76/50/ec/pyoseon-haevichi-beach.jpg?w=500&h=400&s=1
189,201, 초콜릿박물관,전문 박물관,/Attraction_Review-g297892-d3805474-Reviews-Chocolate_Museum-Seogwipo_Jeju_Island.html,https://dynamic-media-cdn.tripadvisor.com/media/photo-o/17/a7/43/75/caption.jpg?w=500&h=400&s=1
190,202, 초콜릿 랜드,전문 박물관,/Attraction_Review-g297892-d3169589-Reviews-Chocolate_Land-Seogwipo_Jeju_Island.html,https://dynamic-media-cdn.tripadvisor.com/media/photo-s/02/b8/36/2d/chocolate-land.jpg?w=500&h=-1&s=1
191,203, 제주 국제 컨벤션센터,컨벤션 센터,/Attraction_Review-g297892-d5924601-Reviews-International_Convention_Center_Jeju-Seogwipo_Jeju_Island.html,https://dynamic-media-cdn.tripadvisor.com/media/photo-o/0b/83/83/d7/photo5jpg.jpg?w=500&h=400&s=1
203,204, 건강과 성 박물관,전문 박물관,/Attraction_Review-g297892-d4067986-Reviews-The_Museum_of_Sex_Health-Seogwipo_Jeju_Island.html,
192,205, 선임교,브리지 • 전망대,/Attraction_Review-g297892-d10686237-Reviews-Seonim_Bridge-Seogwipo_Jeju_Island.html,https://dynamic-media-cdn.tripadvisor.com/media/photo-o/0c/6b/a0/ac/caption.jpg?w=500&h=-1&s=1
193,206, 올인 하우스 테마 파크,놀이공원 & 테마파크,/Attraction_Review-g297892-d1657310-Reviews-All_In_House_Theme_Park-Seogwipo_Jeju_Island.html,https://dynamic-media-cdn.tripadvisor.com/media/photo-o/09/73/36/36/caption.jpg?w=500&h=-1&s=1
194,207, 번개과학체험관,과학박물관 • 어린이 박물관,/Attraction_Review-g297892-d9736322-Reviews-Lightning_Museum-Seogwipo_Jeju_Island.html,https://dynamic-media-cdn.tripadvisor.com/media/photo-o/0c/48/62/89/photo2jpg.jpg?w=500&h=400&s=1
195,208, 제주 허브 동산,공원 • 가든,/Attraction_Review-g297892-d2204913-Reviews-Jeju_Herb_Hill-Seogwipo_Jeju_Island.html,https://dynamic-media-cdn.tripadvisor.com/media/photo-o/0e/3b/69/25/caption.jpg?w=500&h=400&s=1
196,209, 천제연 폭포,폭포,/Attraction_Review-g297892-d18970102-Reviews-Cheonjeyeon_Falls-Seogwipo_Jeju_Island.html,https://dynamic-media-cdn.tripadvisor.com/media/photo-o/19/bd/0e/c8/cheonjeyeon-falls-the.jpg?w=500&h=400&s=1
197,210, 새섬,섬,/Attraction_Review-g297892-d4504750-Reviews-Saeseom_island-Seogwipo_Jeju_Island.html,https://dynamic-media-cdn.tripadvisor.com/media/photo-o/04/b2/21/f5/saeseom-island.jpg?w=500&h=-1&s=1
198,211, 서복 공원,공원,/Attraction_Review-g297892-d3444592-Reviews-Seobok_Park-Seogwipo_Jeju_Island.html,https://dynamic-media-cdn.tripadvisor.com/media/photo-o/0e/0a/d9/cf/600.jpg?w=500&h=-1&s=1
199,212, 엉또 폭포,폭포,/Attraction_Review-g297892-d2224771-Reviews-Eongtto_Falls-Seogwipo_Jeju_Island.html,https://dynamic-media-cdn.tripadvisor.com/media/photo-o/0d/5b/05/ae/photo0jpg.jpg?w=500&h=400&s=1
200,213, 가시리 풍력발전소,즐길거리 & 랜드마크,/Attraction_Review-g297892-d8790453-Reviews-Gasiri_Wind_Power_Plant-Seogwipo_Jeju_Island.html,https://dynamic-media-cdn.tripadvisor.com/media/photo-o/0b/13/2f/04/gasiri-wind-power-plant.jpg?w=500&h=-1&s=1
201,214, 마린파크,수족관,/Attraction_Review-g297892-d6115444-Reviews-Marine_Park-Seogwipo_Jeju_Island.html,https://dynamic-media-cdn.tripadvisor.com/media/photo-o/05/52/c4/49/caption.jpg?w=500&h=-1&s=1
202,215, 아프리카 박물관,아트뮤지엄,/Attraction_Review-g297892-d2203369-Reviews-Museum_of_African_Art-Seogwipo_Jeju_Island.html,https://dynamic-media-cdn.tripadvisor.com/media/photo-o/0c/12/21/94/museum.jpg?w=500&h=400&s=1
203,216, 서귀포매일올레시장,농산물 직거래 장터,/Attraction_Review-g297892-d13799017-Reviews-Segowipo_Maeil_Olle_Market-Seogwipo_Jeju_Island.html,https://dynamic-media-cdn.tripadvisor.com/media/photo-o/13/e6/a8/bf/photo0jpg.jpg?w=500&h=400&s=1
204,217, 걸매생태공원,공원,/Attraction_Review-g297892-d7987675-Reviews-Geolmae_Eco_Park-Seogwipo_Jeju_Island.html,https://dynamic-media-cdn.tripadvisor.com/media/photo-o/08/ca/a4/48/stone-pathway-in-geolmae.jpg?w=500&h=400&s=1
205,218, 세리 월드,놀이공원 & 테마파크,/Attraction_Review-g297892-d2416012-Reviews-Seri_World-Seogwipo_Jeju_Island.html,https://dynamic-media-cdn.tripadvisor.com/media/photo-o/07/06/b3/f5/caption.jpg?w=500&h=400&s=1
206,219, 성읍 랜드,놀이공원 & 테마파크,/Attraction_Review-g297892-d2337342-Reviews-SeongEup_Land-Seogwipo_Jeju_Island.html,https://dynamic-media-cdn.tripadvisor.com/media/photo-o/06/e1/02/46/while-the-spectacle-it.jpg?w=500&h=-1&s=1
207,220, 기당 미술관,아트뮤지엄,/Attraction_Review-g297892-d2337350-Reviews-Gidang_Art_Museum-Seogwipo_Jeju_Island.html,https://dynamic-media-cdn.tripadvisor.com/media/photo-o/05/e8/a6/5e/piece-of-artwork.jpg?w=500&h=-1&s=1
208,221, 한라산 백록담,물길 • 즐길거리 & 랜드마크,/Attraction_Review-g297892-d16804079-Reviews-Baengnokdam_Lake-Seogwipo_Jeju_Island.html,https://dynamic-media-cdn.tripadvisor.com/media/photo-o/16/c3/28/5f/caption.jpg?w=500&h=400&s=1
209,222, 왈종미술관,아트뮤지엄,/Attraction_Review-g297892-d9710226-Reviews-Walart_Museum-Seogwipo_Jeju_Island.html,https://dynamic-media-cdn.tripadvisor.com/media/photo-o/0f/d5/1d/be/15m-3-300.jpg?w=500&h=400&s=1
210,223, 다빈치뮤지엄,과학박물관,/Attraction_Review-g297892-d2337349-Reviews-Davinci_Museum-Seogwipo_Jeju_Island.html,https://dynamic-media-cdn.tripadvisor.com/media/photo-o/03/ee/75/8a/caption.jpg?w=500&h=-1&s=1
211,224, 군산오름,전망대 • 공원,/Attraction_Review-g297892-d19175250-Reviews-Gunsan_Oreum-Seogwipo_Jeju_Island.html,https://dynamic-media-cdn.tripadvisor.com/media/photo-o/19/a5/01/14/20191012-172937-largejpg.jpg?w=500&h=400&s=1
212,225, 백약이오름,화산,/Attraction_Review-g297892-d13086782-Reviews-Baekyaki_Oreum_Volcanic_Cone-Seogwipo_Jeju_Island.html,https://dynamic-media-cdn.tripadvisor.com/media/photo-o/11/28/69/87/caption.jpg?w=500&h=-1&s=1
213,226, 대정오일시장,벼룩시장 & 재래시장,/Attraction_Review-g297892-d12171192-Reviews-Daejeong_Every_Five_Days_Market-Seogwipo_Jeju_Island.html,https://dynamic-media-cdn.tripadvisor.com/media/photo-o/0e/84/b3/68/caption.jpg?w=500&h=-1&s=1
214,227, 동암사,종교적인 장소,/Attraction_Review-g297892-d2045840-Reviews-Dongamsa_Temple-Seogwipo_Jeju_Island.html,https://dynamic-media-cdn.tripadvisor.com/media/photo-o/07/0e/ef/cc/dongamsa-temple.jpg?w=500&h=400&s=1
215,228, 소정방폭포,폭포,/Attraction_Review-g297892-d10686356-Reviews-Sojeongbang_Falls-Seogwipo_Jeju_Island.html,https://dynamic-media-cdn.tripadvisor.com/media/photo-o/0c/6b/ad/cb/caption.jpg?w=500&h=400&s=1
216,229, 상효원,가든,/Attraction_Review-g297892-d10358515-Reviews-Sanghyowon_Botanical_Garden-Seogwipo_Jeju_Island.html,https://dynamic-media-cdn.tripadvisor.com/media/photo-o/12/7f/d9/b7/caption.jpg?w=500&h=400&s=1
217,230, 신풍 신천 바다목장,자연 & 야생동물 서식지 • 목장,/Attraction_Review-g297892-d9710232-Reviews-Sinpung_Sincheon_Bada_Mokjang-Seogwipo_Jeju_Island.html,https://dynamic-media-cdn.tripadvisor.com/media/photo-o/0d/d1/5a/cc/20161206-173840-largejpg.jpg?w=500&h=400&s=1
218,231, 세계술박물관,전문 박물관,/Attraction_Review-g297892-d10597712-Reviews-World_Liquor_Museum-Seogwipo_Jeju_Island.html,https://dynamic-media-cdn.tripadvisor.com/media/photo-o/0c/37/34/8e/inside3.jpg?w=500&h=400&s=1
219,232, 하멜 상선 전시관,전문 박물관,/Attraction_Review-g297892-d2374626-Reviews-Hamel_Ship_Exhibition_Center-Seogwipo_Jeju_Island.html,https://dynamic-media-cdn.tripadvisor.com/media/photo-o/0c/08/85/d4/largejpg.jpg?w=500&h=400&s=1
220,233, 큰엉해안 경승지,경관이 좋은 산책로,/Attraction_Review-g297892-d19923127-Reviews-Keuneong_Haean_Gyeongseungji-Seogwipo_Jeju_Island.html,https://dynamic-media-cdn.tripadvisor.com/media/photo-o/1a/ab/d0/9f/caption.jpg?w=500&h=-1&s=1
221,234, 알뜨르비행장,역사적인 장소 • 군사 기지 및 시설,/Attraction_Review-g297892-d15559962-Reviews-Altteureu_Airfield-Seogwipo_Jeju_Island.html,https://dynamic-media-cdn.tripadvisor.com/media/photo-o/15/8b/27/f9/getlstd-property-photo.jpg?w=500&h=400&s=1
222,235, 유민미술관,아트뮤지엄,/Attraction_Review-g297892-d18544021-Reviews-Yumin_Art_Nouveau_Collection-Seogwipo_Jeju_Island.html,https://dynamic-media-cdn.tripadvisor.com/media/photo-o/1a/b3/60/c9/20200124130053-img-8866.jpg?w=500&h=-1&s=1
223,236, 이중섭 문화거리,인근 지역,/Attraction_Review-g297892-d15289008-Reviews-Lee_Jung_Seop_Cultural_Street-Seogwipo_Jeju_Island.html,https://dynamic-media-cdn.tripadvisor.com/media/photo-o/16/a7/e7/86/caption.jpg?w=500&h=400&s=1
224,237, 서귀포 치유의 숲,하이킹 트레일 • 산림,/Attraction_Review-g297892-d17725776-Reviews-Seogwipo_Forest_of_Healing-Seogwipo_Jeju_Island.html,https://dynamic-media-cdn.tripadvisor.com/media/photo-o/1c/3b/54/0c/at-the-end-of-the-program.jpg?w=500&h=-1&s=1
225,238, 지포뮤지엄,전문 박물관,/Attraction_Review-g297892-d10766491-Reviews-Zippo_Museum-Seogwipo_Jeju_Island.html,https://dynamic-media-cdn.tripadvisor.com/media/photo-o/11/79/cb/0d/zippo-museum.jpg?w=500&h=400&s=1
226,239, 머체왓 숲길,하이킹 트레일 • 산림,/Attraction_Review-g297892-d19923107-Reviews-Mercewat_Forest_Trail-Seogwipo_Jeju_Island.html,https://dynamic-media-cdn.tripadvisor.com/media/photo-o/1a/ab/d1/21/caption.jpg?w=500&h=400&s=1
239,240, 돔레저타운,놀이공원 & 테마파크,/Attraction_Review-g297892-d9770166-Reviews-Dome_Leisure_Town-Seogwipo_Jeju_Island.html,
240,241, 김영관센터,스포츠 컴플렉스 • 도심,/Attraction_Review-g297892-d19735838-Reviews-Kim_Young_Kwan_Center-Seogwipo_Jeju_Island.html,
227,242, 물영아리 오름,물길 • 산림,/Attraction_Review-g297892-d19929357-Reviews-Mulyeongali_Oleum-Seogwipo_Jeju_Island.html,https://dynamic-media-cdn.tripadvisor.com/media/photo-o/1a/ab/cf/f5/caption.jpg?w=500&h=-1&s=1
242,243, 물영아리 오름,즐길거리 & 랜드마크 • 경관이 좋은 산책로,/Attraction_Review-g297892-d19243827-Reviews-Mulyeongali_Oleum-Seogwipo_Jeju_Island.html,
228,244, 석부작 박물관,전문 박물관 • 가든,/Attraction_Review-g297892-d2204922-Reviews-Seokbujak_Museum-Seogwipo_Jeju_Island.html,https://dynamic-media-cdn.tripadvisor.com/media/photo-s/02/bd/8d/40/seokbujak-museum.jpg?w=500&h=-1&s=1
229,245, 칠십리 시 공원,공원,/Attraction_Review-g297892-d8449315-Reviews-Chilshimni_Poetry_Park-Seogwipo_Jeju_Island.html,https://dynamic-media-cdn.tripadvisor.com/media/photo-o/08/73/72/2d/caption.jpg?w=500&h=400&s=1
230,246, 신영 영화 박물관 무비스타,전문 박물관,/Attraction_Review-g297892-d2203408-Reviews-Shinyoung_Cinema_Museum_Movie_Star-Seogwipo_Jeju_Island.html,https://dynamic-media-cdn.tripadvisor.com/media/photo-o/0f/2c/13/51/20170504-113529-largejpg.jpg?w=500&h=400&s=1
231,247, 별내린전망대,전망대,/Attraction_Review-g297892-d10686329-Reviews-Byeol_Naerin_Jeonmangdae-Seogwipo_Jeju_Island.html,https://dynamic-media-cdn.tripadvisor.com/media/photo-o/0c/6b/a6/5d/caption.jpg?w=500&h=-1&s=1
247,248, 신양해안도로,절경 드라이브 코스 • 경관이 좋은 산책로,/Attraction_Review-g297892-d18978561-Reviews-Sinyang_Coastal_Road-Seogwipo_Jeju_Island.html,
232,249, 성산포 조가비 박물관,전문 박물관,/Attraction_Review-g297892-d6222096-Reviews-Seongsanpo_Jogabi_Museum-Seogwipo_Jeju_Island.html,https://dynamic-media-cdn.tripadvisor.com/media/photo-o/02/97/82/ef/filename-2012-05-jpg.jpg?w=400&h=-1&s=1
249,250, 사계항 방파제,물길,/Attraction_Review-g297892-d19893427-Reviews-Sagyehang_Bangpaje-Seogwipo_Jeju_Island.html,
250,251, 닥종이인형박물관,전문 박물관,/Attraction_Review-g297892-d4094779-Reviews-Dakjongee_Inhyung_Museum-Seogwipo_Jeju_Island.html,
251,252, 썩은다리,지층,/Attraction_Review-g297892-d9710207-Reviews-Seogeun_Dari-Seogwipo_Jeju_Island.html,
252,253, Jaejoo Saegye Sungmoonhwa Museum,전문 박물관,/Attraction_Review-g297892-d4094683-Reviews-Jaejoo_Saegye_Sungmoonhwa_Museum-Seogwipo_Jeju_Island.html,
233,254, 바이나흐튼 크리스마스 박물관,전문 박물관 • 앤틱샵,/Attraction_Review-g297892-d19886385-Reviews-Weihnachten_Christmas_Museum-Seogwipo_Jeju_Island.html,https://dynamic-media-cdn.tripadvisor.com/media/photo-o/1a/9a/80/d8/caption.jpg?w=500&h=400&s=1
234,255, 소금막해변,해변,/Attraction_Review-g297892-d19923114-Reviews-Sogeum_Mak_Haebyeon-Seogwipo_Jeju_Island.html,https://dynamic-media-cdn.tripadvisor.com/media/photo-o/1a/ab/d0/45/caption.jpg?w=500&h=400&s=1
255,256, 칠십리 음식특화거리,인근 지역,/Attraction_Review-g297892-d19892784-Reviews-Chilsimni_Food_Street-Seogwipo_Jeju_Island.html,
235,257, 하이 제주 택시 투어,택시 & 셔틀 • 관광 투어,/Attraction_Review-g297885-d12006911-Reviews-Hi_Jeju_Taxi_Tour-Jeju_Jeju_Island.html,https://dynamic-media-cdn.tripadvisor.com/media/photo-o/0e/1c/e3/38/getlstd-property-photo.jpg?w=500&h=400&s=1
236,258, 코어트래블,역사 및 문화 유산 투어 • 야간 투어,/Attraction_Review-g297885-d10034435-Reviews-Core_Travel-Jeju_Jeju_Island.html,https://dynamic-media-cdn.tripadvisor.com/media/photo-o/17/6e/6a/03/seongsan-sunrise-peak.jpg?w=500&h=400&s=1
237,259, 제주 택시 투어 KJ,택시 & 셔틀 • 관광 투어,/Attraction_Review-g297885-d8786742-Reviews-Jeju_Taxi_Tour_KJ-Jeju_Jeju_Island.html,https://dynamic-media-cdn.tripadvisor.com/media/photo-o/1b/dc/4b/71/jeju-taxi-tour-kj.jpg?w=500&h=400&s=1
238,260, 예하 버스 투어 - 당일 투어,버스투어,/Attraction_Review-g297885-d7264232-Reviews-Yeha_Bus_Tour_Day_Tours-Jeju_Jeju_Island.html,https://dynamic-media-cdn.tripadvisor.com/media/photo-o/07/4f/c2/52/yeha-tour-day-tours.jpg?w=500&h=400&s=1
239,261, 펀타시 트립,관광 투어 • 개인 여행,/Attraction_Review-g297885-d10766442-Reviews-Funtasy_Trip-Jeju_Jeju_Island.html,https://dynamic-media-cdn.tripadvisor.com/media/photo-o/0d/12/35/50/dolharubang-a-symbol.jpg?w=500&h=-1&s=1
240,262, 제주51,택시 & 셔틀 • 관광 투어,/Attraction_Review-g297885-d13358425-Reviews-Jeju_51-Jeju_Jeju_Island.html,https://dynamic-media-cdn.tripadvisor.com/media/photo-o/13/0c/2c/fe/back-to-mt-hallasan.jpg?w=500&h=400&s=1
241,263, 섭지코지,기타 야외 활동,/Attraction_Review-g297892-d2337355-Reviews-Seopjikoji-Seogwipo_Jeju_Island.html,https://dynamic-media-cdn.tripadvisor.com/media/photo-o/06/f7/00/7d/seopjikoji.jpg?w=500&h=-1&s=1
242,264, 제주 택시 투어 베스트,택시 & 셔틀 • 관광 투어,/Attraction_Review-g297885-d15674949-Reviews-Jeju_Taxi_Tour_Best-Jeju_Jeju_Island.html,https://dynamic-media-cdn.tripadvisor.com/media/photo-o/15/e7/bd/1a/jeju-taxi-tour-best.jpg?w=500&h=-1&s=1
243,265, 제주 데이 투어,시티 투어 • 2일 이상 투어,/Attraction_Review-g297885-d8403834-Reviews-Jeju_Day_Tour-Jeju_Jeju_Island.html,https://dynamic-media-cdn.tripadvisor.com/media/photo-o/0b/31/06/e5/cave.jpg?w=500&h=400&s=1
244,266, 제주 남양 택시 투어,택시 & 셔틀 • 관광 투어,/Attraction_Review-g297885-d10464467-Reviews-Jeju_Travel_Lucas-Jeju_Jeju_Island.html,https://dynamic-media-cdn.tripadvisor.com/media/photo-o/17/a9/7f/51/jeju-namyang-taxi-tour.jpg?w=500&h=-1&s=1
245,267, 서귀포 펍크롤,"바, 클럽 & 펍 투어",/Attraction_Review-g297892-d16766344-Reviews-Jeju_Seogwipo_Pub_Crawl-Seogwipo_Jeju_Island.html,https://dynamic-media-cdn.tripadvisor.com/media/photo-o/16/c6/71/5f/cheers-at-one-of-bar.jpg?w=500&h=400&s=1
246,268, 올블루 펀&다이브,스쿠버 & 스노클링,/Attraction_Review-g297892-d10253576-Reviews-All_Blu-Seogwipo_Jeju_Island.html,https://dynamic-media-cdn.tripadvisor.com/media/photo-o/13/f4/b9/ca/2017-0814-114009-009.jpg?w=500&h=400&s=1
247,269, Tours By Locals,시티 투어 • 문화체험 투어,/Attraction_Review-g297885-d12162408-Reviews-Tours_By_Locals-Jeju_Jeju_Island.html,https://dynamic-media-cdn.tripadvisor.com/media/photo-o/12/0b/57/fc/discover-jeju-s-hidden.jpg?w=500&h=-1&s=1
248,270, 제주파비오,시티 투어 • 문화체험 투어,/Attraction_Review-g297885-d11925448-Reviews-Jeju_Fabio-Jeju_Jeju_Island.html,https://dynamic-media-cdn.tripadvisor.com/media/photo-o/10/ac/68/ee/caption.jpg?w=500&h=-1&s=1
249,271, 이니스프리 제주하우스점,특산물 & 기념품 가게,/Attraction_Review-g297892-d8783158-Reviews-Innisfree_Jeju_House-Seogwipo_Jeju_Island.html,https://dynamic-media-cdn.tripadvisor.com/media/photo-o/0b/64/46/de/photo0jpg.jpg?w=500&h=-1&s=1
250,272, 제주 카이트서핑,서핑 & 윈드서핑,/Attraction_Review-g297885-d14956551-Reviews-Jeju_Kitesurfing-Jeju_Jeju_Island.html,https://dynamic-media-cdn.tripadvisor.com/media/photo-o/14/fb/d3/72/geumneung-beach-office.jpg?w=500&h=400&s=1
251,273, 두나다이버스,스쿠버 & 스노클링,/Attraction_Review-g297892-d5925253-Reviews-Doona_Divers-Seogwipo_Jeju_Island.html,https://dynamic-media-cdn.tripadvisor.com/media/photo-o/0c/c7/cf/25/caption.jpg?w=500&h=-1&s=1
252,274, 서귀포 잠수함,잠수함 투어,/Attraction_Review-g297892-d1776327-Reviews-Seogwipo_Submarine-Seogwipo_Jeju_Island.html,https://dynamic-media-cdn.tripadvisor.com/media/photo-o/04/1e/79/67/caption.jpg?w=500&h=400&s=1
253,275, 산방산 탄산온천,온열 스파,/Attraction_Review-g297892-d11824422-Reviews-Sanbangsan_Carbonate_Hot_Springs-Seogwipo_Jeju_Island.html,https://dynamic-media-cdn.tripadvisor.com/media/photo-o/0d/af/07/75/caption.jpg?w=500&h=-1&s=1
254,276, Good Diver Jeju,스쿠버 & 스노클링,/Attraction_Review-g297892-d16923023-Reviews-Good_Diver_Jeju-Seogwipo_Jeju_Island.html,https://dynamic-media-cdn.tripadvisor.com/media/photo-o/16/f4/57/65/caption.jpg?w=500&h=400&s=1
255,277, 제주 다이빙 서비스 빅 블루33,스쿠버 & 스노클링,/Attraction_Review-g297892-d3420560-Reviews-Jeju_Island_Diving_Service_Big_Blue33-Seogwipo_Jeju_Island.html,https://dynamic-media-cdn.tripadvisor.com/media/photo-o/03/a7/f5/fa/jeju-island-diving-service.jpg?w=500&h=-1&s=1
256,278, 제주택시 투어 삼춘,택시 & 셔틀,/Attraction_Review-g297885-d16155872-Reviews-Jeju_Taxi_Tour_Samchoon-Jeju_Jeju_Island.html,https://dynamic-media-cdn.tripadvisor.com/media/photo-o/16/7f/48/80/caption.jpg?w=500&h=-1&s=1
257,279, 더 아일랜더,특산물 & 기념품 가게 • 아트갤러리,/Attraction_Review-g297885-d7812750-Reviews-The_Islander-Jeju_Jeju_Island.html,https://dynamic-media-cdn.tripadvisor.com/media/photo-o/07/93/8f/6b/caption.jpg?w=500&h=400&s=1
258,280, 제주인택시투어,택시 & 셔틀,/Attraction_Review-g297885-d12335049-Reviews-JejuInTaxiTour-Jeju_Jeju_Island.html,https://dynamic-media-cdn.tripadvisor.com/media/photo-o/19/07/f0/38/caption.jpg?w=500&h=-1&s=1
259,281, 짚라인 제주,집라인 & 에어리얼 어드벤처 파크,/Attraction_Review-g297885-d8591533-Reviews-Zipline_Jeju-Jeju_Jeju_Island.html,https://dynamic-media-cdn.tripadvisor.com/media/photo-o/08/a4/87/c1/sign-by-the-road.jpg?w=500&h=400&s=1
260,282, Miya Yoon,자연 & 야생 서식지 투어,/Attraction_Review-g297885-d19399047-Reviews-Miya_Yoon-Jeju_Jeju_Island.html,https://dynamic-media-cdn.tripadvisor.com/media/photo-o/19/f9/57/7d/caption.jpg?w=500&h=400&s=1
261,283, 페인터즈 히어로 제주,극장 & 공연,/Attraction_Review-g297885-d8093341-Reviews-The_Painters_Jeju-Jeju_Jeju_Island.html,https://dynamic-media-cdn.tripadvisor.com/media/photo-o/0f/2f/2a/50/20170505-162426-largejpg.jpg?w=500&h=-1&s=1
262,284, 제주 골든 버스 시티 투어,무제한 승하차 투어 • 관광 투어,/Attraction_Review-g297885-d11772875-Reviews-Jeju_Golden_Bus_City_Tour-Jeju_Jeju_Island.html,https://dynamic-media-cdn.tripadvisor.com/media/photo-o/0e/84/c1/83/yongduam-rock.jpg?w=500&h=-1&s=1
263,285, 미니밴 제주 투어,시티 투어 • 관광 투어,/Attraction_Review-g297885-d11965017-Reviews-Minivan_Jeju_tour-Jeju_Jeju_Island.html,https://dynamic-media-cdn.tripadvisor.com/media/photo-o/13/7d/a7/ab/minivan-jeju-tour.jpg?w=500&h=-1&s=1
264,286, 온고 푸드 커뮤니케이션즈 - 제주 프라이빗 당일 투어,푸드 투어,/Attraction_Review-g297885-d6622672-Reviews-O_ngo_Food_Communications_Jeju_Private_Day_Tours-Jeju_Jeju_Island.html,https://dynamic-media-cdn.tripadvisor.com/media/photo-o/05/c5/ac/52/getlstd-property-photo.jpg?w=500&h=400&s=1
265,287, 앤디 투어,택시 & 셔틀,/Attraction_Review-g297885-d11925432-Reviews-Andy_Tours-Jeju_Jeju_Island.html,https://dynamic-media-cdn.tripadvisor.com/media/photo-o/12/54/de/26/seonimgyo-bridge-in-seokwipo.jpg?w=500&h=-1&s=1
266,288, 중문골프클럽,골프 코스,/Attraction_Review-g297892-d14446019-Reviews-Jungmun_Golf_Club-Seogwipo_Jeju_Island.html,https://dynamic-media-cdn.tripadvisor.com/media/photo-o/1c/4c/20/8f/sunset.jpg?w=500&h=-1&s=1
267,289, 돈내코유원지,기타 야외 활동,/Attraction_Review-g297892-d4440126-Reviews-Donneko_Yuwonji-Seogwipo_Jeju_Island.html,https://dynamic-media-cdn.tripadvisor.com/media/photo-o/0c/6d/ee/cf/caption.jpg?w=500&h=400&s=1
268,290, 점보택시,택시 & 셔틀,/Attraction_Review-g297885-d13568378-Reviews-Jumbo_Taxi-Jeju_Jeju_Island.html,https://dynamic-media-cdn.tripadvisor.com/media/photo-o/15/89/63/21/photo-that-mrko-had-taken.jpg?w=500&h=-1&s=1
269,291, World Heritage Network - Hallasan National Park Adventure Tours,도보 여행 • 클라이밍 투어,/Attraction_Review-g297885-d7974044-Reviews-World_Heritage_Network_Hallasan_National_Park_Adventure_Tours-Jeju_Jeju_Island.html,https://dynamic-media-cdn.tripadvisor.com/media/photo-o/0b/12/17/0b/hallasan-national-park.jpg?w=500&h=400&s=1
270,292, Jeju-do Taxi Won's Driving Guide,택시 & 셔틀,/Attraction_Review-g297885-d10279204-Reviews-Jeju_do_Taxi_Won_s_Driving_Guide-Jeju_Jeju_Island.html,https://dynamic-media-cdn.tripadvisor.com/media/photo-o/0b/da/67/3c/jeju-do-taxi-won-s-driving.jpg?w=500&h=-1&s=1
271,293, 웰네스 센터,헬스클럽 • 요가 & 필라테스,/Attraction_Review-g297892-d9569994-Reviews-Wellness_Center-Seogwipo_Jeju_Island.html,https://dynamic-media-cdn.tripadvisor.com/media/photo-o/09/a4/fe/01/getlstd-property-photo.jpg?w=500&h=400&s=1
272,294, 몽키비치 제주,바 & 클럽 • 댄스 클럽 & 디스코,/Attraction_Review-g297892-d11693730-Reviews-Monkey_Beach_Jeju-Seogwipo_Jeju_Island.html,https://dynamic-media-cdn.tripadvisor.com/media/photo-o/0d/ab/1f/98/snapchat-1729103941423884028.jpg?w=500&h=400&s=1
273,295, 그랑블루요트,보트 투어,/Attraction_Review-g297892-d14933009-Reviews-JM_Grandebleu_Yacht-Seogwipo_Jeju_Island.html,https://dynamic-media-cdn.tripadvisor.com/media/photo-o/13/d3/2e/53/getlstd-property-photo.jpg?w=500&h=400&s=1
274,296, 수목원테마파크,게임 & 엔터테인먼트 센터,/Attraction_Review-g297885-d13319696-Reviews-Sumokwon_Theme_Park-Jeju_Jeju_Island.html,https://dynamic-media-cdn.tripadvisor.com/media/photo-o/11/fc/64/fa/20180207-150941-largejpg.jpg?w=500&h=400&s=1
275,297, 아르떼뮤지엄 제주,아트갤러리 • 아트뮤지엄,/Attraction_Review-g983296-d21331654-Reviews-ARTE_MUSEUM_JEJU-Jeju_Island.html,https://dynamic-media-cdn.tripadvisor.com/media/photo-o/1c/34/4f/01/exhibition-zone-7-wave.jpg?w=500&h=400&s=1
276,298, 점보 빌리지,극장 & 공연,/Attraction_Review-g297892-d4211965-Reviews-Jumbo_Village-Seogwipo_Jeju_Island.html,https://dynamic-media-cdn.tripadvisor.com/media/photo-o/03/dc/43/26/getlstd-property-photo.jpg?w=500&h=-1&s=1
277,299, 윈드 1947,아드레날린 & 익스트림 투어,/Attraction_Review-g297892-d17780329-Reviews-Wind_1947-Seogwipo_Jeju_Island.html,https://dynamic-media-cdn.tripadvisor.com/media/photo-o/18/6d/f0/e4/getlstd-property-photo.jpg?w=500&h=400&s=1
278,300, 제주바다하늘 다이브센터,스쿠버 & 스노클링,/Attraction_Review-g297885-d12339141-Reviews-Jeju_Sea_Sky_Dive_Center-Jeju_Jeju_Island.html,https://dynamic-media-cdn.tripadvisor.com/media/photo-o/0f/08/47/27/jeju-sea-sky-dive-center.jpg?w=500&h=400&s=1
279,301, 중문카트,게임 & 엔터테인먼트 센터,/Attraction_Review-g297892-d10520561-Reviews-Jungmun_Kart-Seogwipo_Jeju_Island.html,https://dynamic-media-cdn.tripadvisor.com/media/photo-o/10/e7/31/ce/1507431391907-largejpg.jpg?w=500&h=400&s=1
280,302, 다이나믹 메이즈 에피소드3,탈출 게임,/Attraction_Review-g297892-d10915291-Reviews-Dynamic_Maze_Episode_3-Seogwipo_Jeju_Island.html,https://dynamic-media-cdn.tripadvisor.com/media/photo-o/0d/06/57/36/getlstd-property-photo.jpg?w=500&h=400&s=1
281,303, 제주 개인 가이드 투어 - 단루시 트립,문화체험 투어 • 관광 투어,/Attraction_Review-g297885-d12196283-Reviews-Jeju_Personalized_Private_Guide_Tours_Danlucy_Trip-Jeju_Jeju_Island.html,https://dynamic-media-cdn.tripadvisor.com/media/photo-o/0f/07/4a/6f/caption.jpg?w=500&h=400&s=1
282,304, 제주 실탄 사격장,사격장,/Attraction_Review-g297892-d6941954-Reviews-Jeju_Shooting_Range-Seogwipo_Jeju_Island.html,https://dynamic-media-cdn.tripadvisor.com/media/photo-o/07/8c/fe/3a/caption.jpg?w=500&h=400&s=1
283,305, 타요 키즈카페 - 제주용담점,놀이터 • 게임 & 엔터테인먼트 센터,/Attraction_Review-g297885-d14160371-Reviews-Tayo_Kids_Cafe_Jeju_Yongdam-Jeju_Jeju_Island.html,https://dynamic-media-cdn.tripadvisor.com/media/photo-o/13/f6/20/e2/tayo-kids-cafe-jeju.jpg?w=500&h=-1&s=1
284,306, 하나투어제주 - 당일 투어,시티 투어 • 관광 투어,/Attraction_Review-g983296-d9764305-Reviews-Hana_Tour_Jeju_Day_Tours-Jeju_Island.html,https://dynamic-media-cdn.tripadvisor.com/media/photo-o/0a/18/c1/e0/getlstd-property-photo.jpg?w=500&h=400&s=1
285,307, 스쿠버라이프,2일 이상 투어 • 스쿠버 & 스노클링,/Attraction_Review-g297892-d17537477-Reviews-Scuba_Life-Seogwipo_Jeju_Island.html,https://dynamic-media-cdn.tripadvisor.com/media/photo-o/1c/f0/d8/55/caption.jpg?w=500&h=400&s=1
286,308, 마라도잠수함,잠수함 투어,/Attraction_Review-g297885-d8749190-Reviews-Marado_Submarine-Jeju_Jeju_Island.html,https://dynamic-media-cdn.tripadvisor.com/media/photo-o/09/54/2d/98/caption.jpg?w=500&h=-1&s=1
287,309, 대유랜드,사격장 • 자연 & 야생동물 서식지,/Attraction_Review-g297892-d1128935-Reviews-Daeyoo_Land-Seogwipo_Jeju_Island.html,https://dynamic-media-cdn.tripadvisor.com/media/photo-o/01/16/f9/65/pheasant-hunting-daeyooland.jpg?w=500&h=-1&s=1
309,310, 굿다이버와 추억만들기,스쿠버 & 스노클링 • 워터 스포츠,/Attraction_Review-g297885-d16881843-Reviews-Good_Diver-Jeju_Jeju_Island.html,
288,311, 비플레이,장비 대여,/Attraction_Review-g297892-d12442874-Reviews-Bplay-Seogwipo_Jeju_Island.html,https://dynamic-media-cdn.tripadvisor.com/media/photo-o/0f/73/b7/04/photo4jpg.jpg?w=500&h=-1&s=1
289,312, 종종제주,특산물 & 기념품 가게 • 즐길거리 & 랜드마크,/Attraction_Review-g297885-d23500282-Reviews-Jongjongjeju-Jeju_Jeju_Island.html,https://dynamic-media-cdn.tripadvisor.com/media/photo-o/21/dc/1b/a8/caption.jpg?w=500&h=-1&s=1
312,313, 그제바람,서핑 & 윈드서핑,/Attraction_Review-g297892-d23305394-Reviews-Geijebaram-Seogwipo_Jeju_Island.html,
313,314, 어승생악 탐방로,경관이 좋은 산책로,/Attraction_Review-g983296-d23563968-Reviews-Eoseungsaengak-Jeju_Island.html,
290,315, 파파월드,게임 & 엔터테인먼트 센터,/Attraction_Review-g297885-d12847872-Reviews-Papa_World-Jeju_Jeju_Island.html,https://dynamic-media-cdn.tripadvisor.com/media/photo-o/12/6d/49/b2/20180325-151432-hdr-1.jpg?w=500&h=400&s=1
315,316, JJ surfing school,서핑 & 윈드서핑 • 셀프 가이드 투어 & 렌탈,/Attraction_Review-g983296-d23405559-Reviews-JJ_surfing_school-Jeju_Island.html,
316,317, Jeju Barrel,서핑 & 윈드서핑,/Attraction_Review-g297885-d23404015-Reviews-Jeju_Barrel-Jeju_Jeju_Island.html,
291,318, Pororo & Tayo Theme Park Jeju,놀이공원 & 테마파크,/Attraction_Review-g297892-d21248801-Reviews-Pororo_Tayo_Theme_Park_Jeju-Seogwipo_Jeju_Island.html,https://dynamic-media-cdn.tripadvisor.com/media/photo-o/1c/5f/80/82/photo5jpg.jpg?w=500&h=-1&s=1
318,319, 제주 곶자왈 도립공원,자연 & 야생동물 서식지 • 공원,/Attraction_Review-g297892-d21325848-Reviews-Seogwipo_Jeju_Island.html,
292,320, 찰스앤바비,바 & 클럽,/Attraction_Review-g297892-d21057300-Reviews-Charles_Bobby_Pub_and_Bar-Seogwipo_Jeju_Island.html,https://dynamic-media-cdn.tripadvisor.com/media/photo-o/1c/4a/a2/04/charles-bobby-entrance.jpg?w=500&h=-1&s=1
293,321, 율랜드 스쿠버,스쿠버 & 스노클링,/Attraction_Review-g297892-d12661327-Reviews-Yul_Land_Scuba-Seogwipo_Jeju_Island.html,https://dynamic-media-cdn.tripadvisor.com/media/photo-o/1d/1b/6e/83/caption.jpg?w=500&h=400&s=1
321,322, 남양교통,택시 & 셔틀,/Attraction_Review-g297885-d19757793-Reviews-Jeju_Taxi_Nam_Yang-Jeju_Jeju_Island.html,
322,323, 테라피센터 - 한화리조트 제주,스파,/Attraction_Review-g297885-d19408516-Reviews-Therapy_Center_Hanhwa_Resort_Jeju-Jeju_Jeju_Island.html,
294,324, 아트박스 - 제주점,특산물 & 기념품 가게,/Attraction_Review-g297885-d19116063-Reviews-Artbox_Jeju-Jeju_Jeju_Island.html,https://dynamic-media-cdn.tripadvisor.com/media/photo-o/19/8f/41/99/caption.jpg?w=500&h=-1&s=1
324,325, 쿠킹 난타,극장 & 공연,/Attraction_Review-g297885-d12518733-Reviews-Cookin_NANTA-Jeju_Jeju_Island.html,
325,326, 봉이네자전거쉼터,장비 대여,/Attraction_Review-g297885-d17412139-Reviews-Jeju_Bongyine-Jeju_Jeju_Island.html,
295,327, DAILY JEJU,"바, 클럽 & 펍 투어 • 서핑 & 윈드서핑",/Attraction_Review-g297892-d16712984-Reviews-DAILY_JEJU-Seogwipo_Jeju_Island.html,https://dynamic-media-cdn.tripadvisor.com/media/photo-o/16/8a/b3/96/caption.jpg?w=500&h=400&s=1
296,328, 제주관광공사 중문면세점,특산물 & 기념품 가게,/Attraction_Review-g297892-d12335100-Reviews-JTO_Duty_Free_Shop-Seogwipo_Jeju_Island.html,https://dynamic-media-cdn.tripadvisor.com/media/photo-o/0f/12/2f/a1/caption.jpg?w=500&h=400&s=1
297,329, 테이크파이브 재즈클럽,재즈 바,/Attraction_Review-g297885-d14802302-Reviews-Take5_Jazzclub-Jeju_Jeju_Island.html,https://dynamic-media-cdn.tripadvisor.com/media/photo-o/13/b4/cc/7c/photo2jpg.jpg?w=500&h=400&s=1
298,330, 어승생승마장,자연 & 야생동물 서식지 • 승마 투어,/Attraction_Review-g297885-d12925864-Reviews-Horseland_Jeju-Jeju_Jeju_Island.html,https://dynamic-media-cdn.tripadvisor.com/media/photo-o/10/be/4f/80/getlstd-property-photo.jpg?w=500&h=400&s=1
299,331, 조은승마장,승마 투어,/Attraction_Review-g297892-d13947690-Reviews-Joeun_Equestrian_Center-Seogwipo_Jeju_Island.html,https://dynamic-media-cdn.tripadvisor.com/media/photo-o/12/8c/0a/c9/20180327-125133-hdr-1.jpg?w=500&h=400&s=1
300,332, 팀케이,"시티 투어 • 바, 클럽 & 펍 투어",/Attraction_Review-g297885-d12670006-Reviews-TeamK-Jeju_Jeju_Island.html,https://dynamic-media-cdn.tripadvisor.com/media/photo-o/16/ef/83/0b/electric-scooter-rental.jpg?w=500&h=-1&s=1
332,333, 제주바라여행사,2일 이상 투어 • 역사 및 문화 유산 투어,/Attraction_Review-g297885-d2243142-Reviews-Jeju_Bara_Travel_Agency-Jeju_Jeju_Island.html,
301,334, 차귀도뉴파워보트,보트 투어,/Attraction_Review-g297885-d2626413-Reviews-Chagwido_New_Power_Boat-Jeju_Jeju_Island.html,https://dynamic-media-cdn.tripadvisor.com/media/photo-o/14/fe/89/81/photo1jpg.jpg?w=500&h=400&s=1
302,335, Indigo Travel,시티 투어 • 역사 및 문화 유산 투어,/Attraction_Review-g983296-d19271467-Reviews-Indigo_Travel-Jeju_Island.html,https://dynamic-media-cdn.tripadvisor.com/media/photo-o/19/cb/e8/4f/caption.jpg?w=500&h=400&s=1
303,336, 스누피 가든,인근 지역,/Attraction_Review-g983296-d23261265-Reviews-Snoopy_Garden-Jeju_Island.html,https://dynamic-media-cdn.tripadvisor.com/media/photo-o/1d/52/25/f8/snoopy-garden.jpg?w=500&h=-1&s=1
336,337, 행온,바 & 클럽,/Attraction_Review-g297885-d11434421-Reviews-Hang_On-Jeju_Jeju_Island.html,
337,338, 제주 풋 케어 센터,스파,/Attraction_Review-g297885-d3642759-Reviews-Jeju_Footcare_Center-Jeju_Jeju_Island.html,
338,339, 황금불가마,스파,/Attraction_Review-g297885-d4095147-Reviews-Hwanggeum_Bulgama-Jeju_Jeju_Island.html,
304,340, 황후몽 제주점,스파,/Attraction_Review-g297885-d3497969-Reviews-Hwang_Hu_Mong_Jeju-Jeju_Jeju_Island.html,https://dynamic-media-cdn.tripadvisor.com/media/photo-s/02/e2/89/32/getlstd-property-photo.jpg?w=500&h=400&s=1
305,341, 스쿠버스토리,스쿠버 & 스노클링,/Attraction_Review-g297892-d6656796-Reviews-Scuba_Story-Seogwipo_Jeju_Island.html,https://dynamic-media-cdn.tripadvisor.com/media/photo-o/05/c9/ca/d9/getlstd-property-photo.jpg?w=500&h=-1&s=1
341,342, 소심한 책방,특산물 & 기념품 가게,/Attraction_Review-g297885-d19857118-Reviews-Sosim_Book-Jeju_Jeju_Island.html,
306,343, 롯데 면세점 - 제주점,특산물 & 기념품 가게,/Attraction_Review-g297885-d19116011-Reviews-Lotte_Duty_Free_Jeju-Jeju_Jeju_Island.html,https://dynamic-media-cdn.tripadvisor.com/media/photo-o/19/8f/41/ef/caption.jpg?w=500&h=400&s=1
307,344, 국제리더스클럽,잠수함 투어 • 보트 투어,/Attraction_Review-g297885-d12335286-Reviews-International_Leaders_Club-Jeju_Jeju_Island.html,https://dynamic-media-cdn.tripadvisor.com/media/photo-o/0e/fe/f9/77/getlstd-property-photo.jpg?w=500&h=400&s=1
308,345, 해적잠수함,잠수함 투어,/Attraction_Review-g297885-d3681899-Reviews-Pirate_Submarine-Jeju_Jeju_Island.html,https://dynamic-media-cdn.tripadvisor.com/media/photo-s/02/c1/5b/a1/caption.jpg?w=500&h=-1&s=1
345,346, Explore Korea,관광 투어,/Attraction_Review-g297885-d11772867-Reviews-Explore_Korea-Jeju_Jeju_Island.html,
309,347, 바이크트립,장비 대여,/Attraction_Review-g297885-d11693275-Reviews-BikeTrip-Jeju_Jeju_Island.html,https://dynamic-media-cdn.tripadvisor.com/media/photo-o/0d/db/2e/4e/while-traveling-the-jeju.jpg?w=500&h=-1&s=1
310,348, 에코랜드 CC,골프 코스,/Attraction_Review-g297885-d3610624-Reviews-Eco_Land_Country_Club-Jeju_Jeju_Island.html,https://dynamic-media-cdn.tripadvisor.com/media/photo-o/10/80/9c/ba/eco-land-country-club.jpg?w=500&h=-1&s=1
348,349, 동부 레저 타운,승마 트레일 • 오프로드 & ATV 투어,/Attraction_Review-g297892-d9796687-Reviews-Dongbu_Leisure_Town-Seogwipo_Jeju_Island.html,
349,350, 제주 컨트리 클럽,골프 코스,/Attraction_Review-g297885-d2147139-Reviews-Jeju_Country_Club-Jeju_Jeju_Island.html,
311,351, 해수랜드,온열 스파,/Attraction_Review-g297885-d4798592-Reviews-Haesu_Land-Jeju_Jeju_Island.html,https://dynamic-media-cdn.tripadvisor.com/media/photo-o/05/64/ee/b1/exterior-of-jimjilbang.jpg?w=500&h=-1&s=1
351,352, 어쩌다 여기가 요일가게,특산물 & 기념품 가게,/Attraction_Review-g297885-d10236225-Reviews-Eujjeda_yeogiga_yoil_store-Jeju_Jeju_Island.html,
312,353, 탑 천기토 랜드 해수 사우나,스파,/Attraction_Review-g297885-d3359465-Reviews-Tap_Cheongito_Land_Haesu_Sauna-Jeju_Jeju_Island.html,https://dynamic-media-cdn.tripadvisor.com/media/photo-o/0f/4a/73/aa/caption.jpg?w=500&h=400&s=1
353,354, 중문사우나찜질방,스파,/Attraction_Review-g297892-d6197491-Reviews-Jungmun_Sauna_Chimjilbang-Seogwipo_Jeju_Island.html,
354,355, 스킨앤바디,스파,/Attraction_Review-g297885-d13737999-Reviews-Skin_Body-Jeju_Jeju_Island.html,
313,356, 정글북 바이 앨리스,바 & 클럽 • 댄스 클럽 & 디스코,/Attraction_Review-g297885-d15233355-Reviews-Jungle_Book_by_Alice-Jeju_Jeju_Island.html,https://dynamic-media-cdn.tripadvisor.com/media/photo-o/15/03/65/95/getlstd-property-photo.jpg?w=500&h=-1&s=1
314,357, 제주 스카이워터쇼,시어터 • 극장 & 공연,/Attraction_Review-g297885-d12175313-Reviews-Jeju_Sky_Water_Circus-Jeju_Jeju_Island.html,https://dynamic-media-cdn.tripadvisor.com/media/photo-o/0f/43/8d/dd/caption.jpg?w=500&h=400&s=1
